snapshot,valid_utc,load,service_min,K,policy,classification,deltaH,bootstrap_low,bootstrap_high,coverage,unserved,response_min,p95_response_min,wait_min,km,co2_kg,utilization,all_busy_arrivals
down_20261007_peligro_p_D02-24297c444c84,2026-10-09T12:00:00Z,low,45,10,0,reference,0,0,0,0.9913695929057854,0.133,49.97227130430608,82.353681001968,0.8613739178071509,185.7838683,42.73028970899996,0.2508376415653096,0.543
down_20261007_peligro_p_D02-24297c444c84,2026-10-09T12:00:00Z,low,45,10,0.2,negative,-20.31653761201364,-32.436905480655156,-6.692343103887326,0.9924486691786698,0.113,49.68879383737544,82.19419613370293,0.8488198730715524,178.12632630000004,40.969055048999984,0.2505963022583439,0.556
down_20261007_peligro_p_D02-24297c444c84,2026-10-09T12:00:00Z,low,45,10,0.35,positive,50.78991411780142,32.75823313947169,71.64609084788445,0.992120104922373,0.118,51.792294669809934,85.47600216730733,0.8619281674270205,185.13414279999998,42.580852844,0.2559018390592898,0.571
down_20261007_peligro_p_D02-24297c444c84,2026-10-09T12:00:00Z,low,45,10,0.5,positive,158.74054335903233,136.88353120471234,179.97636746392965,0.9921191989155308,0.12,54.28642217191713,88.4691496058798,0.938434938251091,195.79581090000013,45.033036506999984,0.26188856658305637,0.603
down_20261007_peligro_p_D02-24297c444c84,2026-10-09T12:00:00Z,low,45,10,1,positive,303.54468845759806,280.9789558900679,327.8387654781511,0.9910773682187077,0.134,57.636485761283076,91.02463988066232,1.019372203743048,212.81952010000015,48.948489622999965,0.26942417881894953,0.637
down_20261007_peligro_p_D02-24297c444c84,2026-10-09T12:00:00Z,low,45,10,eta-greedy,inconclusive,1.8523042301170447,-0.8119954344015163,5.170240128566259,0.9913695929057854,0.133,49.99685596278666,82.42809794180162,0.8679423984229776,186.13361550000002,42.810731564999955,0.2509374840221682,0.545
down_20261007_peligro_p_D02-24297c444c84,2026-10-09T12:00:00Z,low,45,10,distance-greedy,positive,40.77940528359708,24.45382442336571,58.04895848812103,0.9923462118707559,0.114,51.036908952468615,84.08833774233011,0.8771549493207211,167.08532380000003,38.429624474,0.2538036326333244,0.556
down_20261007_peligro_p_D02-24297c444c84,2026-10-09T12:00:00Z,low,45,60,0,reference,0,0,0,0.9913695929057854,0.133,49.97227130430608,82.353681001968,0.8613739178071509,185.7838683,42.73028970899996,0.2508376415653096,0.543
down_20261007_peligro_p_D02-24297c444c84,2026-10-09T12:00:00Z,low,45,60,0.2,negative,-32.55971969241774,-47.24182769086498,-18.528666893585882,0.9924486691786698,0.113,49.68879383737544,82.19419613370293,0.8488198730715524,178.12632630000004,40.969055048999984,0.2505963022583439,0.556
down_20261007_peligro_p_D02-24297c444c84,2026-10-09T12:00:00Z,low,45,60,0.35,positive,44.23474539334539,24.169119401992464,64.6822819323138,0.992120104922373,0.118,51.792294669809934,85.47600216730733,0.8619281674270205,185.13414279999998,42.580852844,0.2559018390592898,0.571
down_20261007_peligro_p_D02-24297c444c84,2026-10-09T12:00:00Z,low,45,60,0.5,positive,153.54290612535206,130.63961665432797,177.7026525506305,0.9921191989155308,0.12,54.28642217191713,88.4691496058798,0.938434938251091,195.79581090000013,45.033036506999984,0.26188856658305637,0.603
down_20261007_peligro_p_D02-24297c444c84,2026-10-09T12:00:00Z,low,45,60,1,positive,311.3570237081214,288.9015274045997,338.34034281221,0.9910773682187077,0.134,57.636485761283076,91.02463988066232,1.019372203743048,212.81952010000015,48.948489622999965,0.26942417881894953,0.637
down_20261007_peligro_p_D02-24297c444c84,2026-10-09T12:00:00Z,low,45,60,eta-greedy,inconclusive,1.8523042301170443,-0.6723113583045204,5.8429085527118545,0.9913695929057854,0.133,49.99685596278666,82.42809794180162,0.8679423984229776,186.13361550000002,42.810731564999955,0.2509374840221682,0.545
down_20261007_peligro_p_D02-24297c444c84,2026-10-09T12:00:00Z,low,45,60,distance-greedy,positive,26.3580248757372,5.285567991489274,46.46003724646215,0.9923462118707559,0.114,51.036908952468615,84.08833774233011,0.8771549493207211,167.08532380000003,38.429624474,0.2538036326333244,0.556
down_20261007_peligro_p_D02-24297c444c84,2026-10-09T12:00:00Z,low,45,120,0,reference,0,0,0,0.9913695929057854,0.133,49.97227130430608,82.353681001968,0.8613739178071509,185.7838683,42.73028970899996,0.2508376415653096,0.543
down_20261007_peligro_p_D02-24297c444c84,2026-10-09T12:00:00Z,low,45,120,0.2,negative,-47.25153818890247,-68.73085959281231,-26.856560233905967,0.9924486691786698,0.113,49.68879383737544,82.19419613370293,0.8488198730715524,178.12632630000004,40.969055048999984,0.2505963022583439,0.556
down_20261007_peligro_p_D02-24297c444c84,2026-10-09T12:00:00Z,low,45,120,0.35,positive,36.36854292399803,10.350124725562146,62.282785152749696,0.992120104922373,0.118,51.792294669809934,85.47600216730733,0.8619281674270205,185.13414279999998,42.580852844,0.2559018390592898,0.571
down_20261007_peligro_p_D02-24297c444c84,2026-10-09T12:00:00Z,low,45,120,0.5,positive,147.30574144493593,113.7090686063918,178.19422148823855,0.9921191989155308,0.12,54.28642217191713,88.4691496058798,0.938434938251091,195.79581090000013,45.033036506999984,0.26188856658305637,0.603
down_20261007_peligro_p_D02-24297c444c84,2026-10-09T12:00:00Z,low,45,120,1,positive,320.7318260087489,289.94267390244744,355.8810940788147,0.9910773682187077,0.134,57.636485761283076,91.02463988066232,1.019372203743048,212.81952010000015,48.948489622999965,0.26942417881894953,0.637
down_20261007_peligro_p_D02-24297c444c84,2026-10-09T12:00:00Z,low,45,120,eta-greedy,inconclusive,1.8523042301170456,-0.843349032173,4.864219197510572,0.9913695929057854,0.133,49.99685596278666,82.42809794180162,0.8679423984229776,186.13361550000002,42.810731564999955,0.2509374840221682,0.545
down_20261007_peligro_p_D02-24297c444c84,2026-10-09T12:00:00Z,low,45,120,distance-greedy,inconclusive,9.05236838630548,-16.993003482207694,34.010115881711435,0.9923462118707559,0.114,51.036908952468615,84.08833774233011,0.8771549493207211,167.08532380000003,38.429624474,0.2538036326333244,0.556
down_20261007_peligro_p_D02-24297c444c84,2026-10-09T12:00:00Z,low,90,10,0,reference,0,0,0,0.9694282205771151,0.447,53.6071090275402,86.14773469203945,2.034410408219159,191.17831470000024,43.97101238100003,0.36020681899204543,1.25
down_20261007_peligro_p_D02-24297c444c84,2026-10-09T12:00:00Z,low,90,10,0.2,inconclusive,-7.225270530477517,-18.356198886381993,4.400275324538316,0.9706796304948025,0.429,53.640547600267254,86.19612068450971,2.0517004249143826,186.41543180000014,42.87554931400004,0.36120321930377236,1.262
down_20261007_peligro_p_D02-24297c444c84,2026-10-09T12:00:00Z,low,90,10,0.35,positive,33.65956149127788,16.10554108087305,53.777876395595214,0.969883117040936,0.439,55.05060371947355,88.52447206032215,1.9936441586682205,190.66859270000003,43.85377632099998,0.36429172925499564,1.279
down_20261007_peligro_p_D02-24297c444c84,2026-10-09T12:00:00Z,low,90,10,0.5,positive,125.3294494860748,104.08830462831314,145.80248250991647,0.9699619669491977,0.44,57.17102592675802,90.8282403539314,2.0729941906272193,200.06316100000012,46.014527029999996,0.3689826676684466,1.308
down_20261007_peligro_p_D02-24297c444c84,2026-10-09T12:00:00Z,low,90,10,1,positive,232.56027810026262,210.70037371256473,254.00180111314782,0.9691062420755161,0.453,59.826259911067396,92.96051558553862,2.1522845240780737,212.8510769000002,48.95574768700005,0.374309032889959,1.358
down_20261007_peligro_p_D02-24297c444c84,2026-10-09T12:00:00Z,low,90,10,eta-greedy,inconclusive,-0.2998123340636787,-2.551769831422399,1.9156070921964823,0.9693615539104484,0.448,53.5981736822956,86.150350251603,2.034749277707927,191.22243580000026,43.98116023400002,0.3601738585238822,1.251
down_20261007_peligro_p_D02-24297c444c84,2026-10-09T12:00:00Z,low,90,10,distance-greedy,positive,31.26333901754494,14.423766752233991,45.87842462400787,0.9703999870846013,0.431,54.47804209610882,87.25695040251738,2.0178204550598298,178.1810043,40.98163098899996,0.36288428398861966,1.262
down_20261007_peligro_p_D02-24297c444c84,2026-10-09T12:00:00Z,low,90,60,0,reference,0,0,0,0.9694282205771151,0.447,53.6071090275402,86.14773469203945,2.034410408219159,191.17831470000024,43.97101238100003,0.36020681899204543,1.25
down_20261007_peligro_p_D02-24297c444c84,2026-10-09T12:00:00Z,low,90,60,0.2,inconclusive,-10.368091394044963,-27.53175662165485,5.404743498704579,0.9706796304948025,0.429,53.640547600267254,86.19612068450971,2.0517004249143826,186.41543180000014,42.87554931400004,0.36120321930377236,1.262
down_20261007_peligro_p_D02-24297c444c84,2026-10-09T12:00:00Z,low,90,60,0.35,positive,31.32177550291867,11.439956805538474,54.98100067585362,0.969883117040936,0.439,55.05060371947355,88.52447206032215,1.9936441586682205,190.66859270000003,43.85377632099998,0.36429172925499564,1.279
down_20261007_peligro_p_D02-24297c444c84,2026-10-09T12:00:00Z,low,90,60,0.5,positive,121.77715693918458,98.25799002334877,146.42068993022784,0.9699619669491977,0.44,57.17102592675802,90.8282403539314,2.0729941906272193,200.06316100000012,46.014527029999996,0.3689826676684466,1.308
down_20261007_peligro_p_D02-24297c444c84,2026-10-09T12:00:00Z,low,90,60,1,positive,240.1688095173709,214.36120492468794,264.97603182812503,0.9691062420755161,0.453,59.826259911067396,92.96051558553862,2.1522845240780737,212.8510769000002,48.95574768700005,0.374309032889959,1.358
down_20261007_peligro_p_D02-24297c444c84,2026-10-09T12:00:00Z,low,90,60,eta-greedy,inconclusive,0.6484688218998019,-2.3299482462474765,4.363037025013922,0.9693615539104484,0.448,53.5981736822956,86.150350251603,2.034749277707927,191.22243580000026,43.98116023400002,0.3601738585238822,1.251
down_20261007_peligro_p_D02-24297c444c84,2026-10-09T12:00:00Z,low,90,60,distance-greedy,positive,32.019927055114486,11.79356532792079,51.416721207800016,0.9703999870846013,0.431,54.47804209610882,87.25695040251738,2.0178204550598298,178.1810043,40.98163098899996,0.36288428398861966,1.262
down_20261007_peligro_p_D02-24297c444c84,2026-10-09T12:00:00Z,low,90,120,0,reference,0,0,0,0.9694282205771151,0.447,53.6071090275402,86.14773469203945,2.034410408219159,191.17831470000024,43.97101238100003,0.36020681899204543,1.25
down_20261007_peligro_p_D02-24297c444c84,2026-10-09T12:00:00Z,low,90,120,0.2,inconclusive,-14.139476430325573,-42.17225049406009,13.838702103292034,0.9706796304948025,0.429,53.640547600267254,86.19612068450971,2.0517004249143826,186.41543180000014,42.87554931400004,0.36120321930377236,1.262
down_20261007_peligro_p_D02-24297c444c84,2026-10-09T12:00:00Z,low,90,120,0.35,inconclusive,28.51643231688777,-8.60876393888016,65.73621608714136,0.969883117040936,0.439,55.05060371947355,88.52447206032215,1.9936441586682205,190.66859270000003,43.85377632099998,0.36429172925499564,1.279
down_20261007_peligro_p_D02-24297c444c84,2026-10-09T12:00:00Z,low,90,120,0.5,positive,117.51440588291605,72.5220223788365,158.62305420785404,0.9699619669491977,0.44,57.17102592675802,90.8282403539314,2.0729941906272193,200.06316100000012,46.014527029999996,0.3689826676684466,1.308
down_20261007_peligro_p_D02-24297c444c84,2026-10-09T12:00:00Z,low,90,120,1,positive,249.2990472179008,211.2100293022963,296.6721628894438,0.9691062420755161,0.453,59.826259911067396,92.96051558553862,2.1522845240780737,212.8510769000002,48.95574768700005,0.374309032889959,1.358
down_20261007_peligro_p_D02-24297c444c84,2026-10-09T12:00:00Z,low,90,120,eta-greedy,inconclusive,1.786406209055978,-2.202949161892378,7.687978603249405,0.9693615539104484,0.448,53.5981736822956,86.150350251603,2.034749277707927,191.22243580000026,43.98116023400002,0.3601738585238822,1.251
down_20261007_peligro_p_D02-24297c444c84,2026-10-09T12:00:00Z,low,90,120,distance-greedy,positive,32.92783270019785,2.477230901619835,67.72909524753317,0.9703999870846013,0.431,54.47804209610882,87.25695040251738,2.0178204550598298,178.1810043,40.98163098899996,0.36288428398861966,1.262
down_20261007_peligro_p_D02-24297c444c84,2026-10-09T12:00:00Z,low,180,10,0,reference,0,0,0,0.8899548063124648,1.557,57.54449697380284,89.26563662653992,3.916447190426116,181.32829100000012,41.70550693000001,0.5178147097557632,2.799
down_20261007_peligro_p_D02-24297c444c84,2026-10-09T12:00:00Z,low,180,10,0.2,inconclusive,-9.578019202031724,-19.95189257409025,1.3904720882324013,0.8911354492806071,1.544,57.46948159880794,89.22307389182369,3.925477094803543,176.73336580000014,40.64867413399999,0.5184744414545335,2.811
down_20261007_peligro_p_D02-24297c444c84,2026-10-09T12:00:00Z,low,180,10,0.35,positive,29.046758161708958,13.764932400236257,43.13647257180235,0.8898927613957364,1.561,58.97312809913355,91.1190881840281,3.973120797616636,181.222413,41.68115499,0.5204662802698327,2.854
down_20261007_peligro_p_D02-24297c444c84,2026-10-09T12:00:00Z,low,180,10,0.5,positive,90.4207528349171,73.31810230797387,106.45571316627407,0.8897758719126706,1.564,60.39926531693313,92.68297951272379,4.048760554562336,187.6992507999999,43.170827683999995,0.5228049044683427,2.897
down_20261007_peligro_p_D02-24297c444c84,2026-10-09T12:00:00Z,low,180,10,1,positive,150.07405001804239,132.2115655725232,169.6487220073515,0.8890160667453576,1.575,62.08118238031807,93.84510170998767,4.144175702527061,194.4625808999999,44.72639360699998,0.525028868418349,2.918
down_20261007_peligro_p_D02-24297c444c84,2026-10-09T12:00:00Z,low,180,10,eta-greedy,inconclusive,0.2175908886696468,-0.5550180190248467,0.9813584735573938,0.8898833777410362,1.558,57.55091961944109,89.24292594489397,3.912274443658152,181.42553980000008,41.72787415400001,0.5177614293698152,2.8
down_20261007_peligro_p_D02-24297c444c84,2026-10-09T12:00:00Z,low,180,10,distance-greedy,positive,15.688922844216291,1.9162088053915602,27.571603453305787,0.8908259355916818,1.549,58.03281032364216,89.75537125411148,3.9506465299080507,171.5573545,39.45819153500001,0.5194272523055913,2.841
down_20261007_peligro_p_D02-24297c444c84,2026-10-09T12:00:00Z,low,180,60,0,reference,0,0,0,0.8899548063124648,1.557,57.54449697380284,89.26563662653992,3.916447190426116,181.32829100000012,41.70550693000001,0.5178147097557632,2.799
down_20261007_peligro_p_D02-24297c444c84,2026-10-09T12:00:00Z,low,180,60,0.2,inconclusive,-14.247590102011706,-30.702919825979443,2.4032971849333995,0.8911354492806071,1.544,57.46948159880794,89.22307389182369,3.925477094803543,176.73336580000014,40.64867413399999,0.5184744414545335,2.811
down_20261007_peligro_p_D02-24297c444c84,2026-10-09T12:00:00Z,low,180,60,0.35,positive,34.63464345231063,13.999145129865756,57.21797376946809,0.8898927613957364,1.561,58.97312809913355,91.1190881840281,3.973120797616636,181.222413,41.68115499,0.5204662802698327,2.854
down_20261007_peligro_p_D02-24297c444c84,2026-10-09T12:00:00Z,low,180,60,0.5,positive,94.37963454512155,68.38016300673121,118.12127794449064,0.8897758719126706,1.564,60.39926531693313,92.68297951272379,4.048760554562336,187.6992507999999,43.170827683999995,0.5228049044683427,2.897
down_20261007_peligro_p_D02-24297c444c84,2026-10-09T12:00:00Z,low,180,60,1,positive,162.37581050821973,136.1611962859768,190.87632234417993,0.8890160667453576,1.575,62.08118238031807,93.84510170998767,4.144175702527061,194.4625808999999,44.72639360699998,0.525028868418349,2.918
down_20261007_peligro_p_D02-24297c444c84,2026-10-09T12:00:00Z,low,180,60,eta-greedy,inconclusive,1.460483028984996,-0.0569349847330093,3.842095998517791,0.8898833777410362,1.558,57.55091961944109,89.24292594489397,3.912274443658152,181.42553980000008,41.72787415400001,0.5177614293698152,2.8
down_20261007_peligro_p_D02-24297c444c84,2026-10-09T12:00:00Z,low,180,60,distance-greedy,inconclusive,11.339401290994754,-6.526911133798026,29.860721505950664,0.8908259355916818,1.549,58.03281032364216,89.75537125411148,3.9506465299080507,171.5573545,39.45819153500001,0.5194272523055913,2.841
down_20261007_peligro_p_D02-24297c444c84,2026-10-09T12:00:00Z,low,180,120,0,reference,0,0,0,0.8899548063124648,1.557,57.54449697380284,89.26563662653992,3.916447190426116,181.32829100000012,41.70550693000001,0.5178147097557632,2.799
down_20261007_peligro_p_D02-24297c444c84,2026-10-09T12:00:00Z,low,180,120,0.2,inconclusive,-19.851075181987866,-50.73761606600112,9.44548647170831,0.8911354492806071,1.544,57.46948159880794,89.22307389182369,3.925477094803543,176.73336580000014,40.64867413399999,0.5184744414545335,2.811
down_20261007_peligro_p_D02-24297c444c84,2026-10-09T12:00:00Z,low,180,120,0.35,inconclusive,41.34010580103242,-1.0140126577628419,85.18793723250394,0.8898927613957364,1.561,58.97312809913355,91.1190881840281,3.973120797616636,181.222413,41.68115499,0.5204662802698327,2.854
down_20261007_peligro_p_D02-24297c444c84,2026-10-09T12:00:00Z,low,180,120,0.5,positive,99.13029259736682,53.76314583647863,151.84317397808036,0.8897758719126706,1.564,60.39926531693313,92.68297951272379,4.048760554562336,187.6992507999999,43.170827683999995,0.5228049044683427,2.897
down_20261007_peligro_p_D02-24297c444c84,2026-10-09T12:00:00Z,low,180,120,1,positive,177.1379230964324,122.2998913298457,223.51858773064865,0.8890160667453576,1.575,62.08118238031807,93.84510170998767,4.144175702527061,194.4625808999999,44.72639360699998,0.525028868418349,2.918
down_20261007_peligro_p_D02-24297c444c84,2026-10-09T12:00:00Z,low,180,120,eta-greedy,inconclusive,2.951953597363421,-0.1160333374765542,8.317508784273722,0.8898833777410362,1.558,57.55091961944109,89.24292594489397,3.912274443658152,181.42553980000008,41.72787415400001,0.5177614293698152,2.8
down_20261007_peligro_p_D02-24297c444c84,2026-10-09T12:00:00Z,low,180,120,distance-greedy,inconclusive,6.119975427128966,-29.560080766456934,38.52720547715223,0.8908259355916818,1.549,58.03281032364216,89.75537125411148,3.9506465299080507,171.5573545,39.45819153500001,0.5194272523055913,2.841
down_20261007_peligro_p_D02-24297c444c84,2026-10-09T12:00:00Z,high,45,10,0,reference,0,0,0,0.879939543601794,4.503,66.15874163050883,107.81130937991182,11.594249908363341,544.6083044000001,125.2599100119999,0.681287188973428,15.676
down_20261007_peligro_p_D02-24297c444c84,2026-10-09T12:00:00Z,high,45,10,0.2,negative,-24.16615859810212,-48.9516442933232,-0.4016500011012708,0.8812382547426315,4.46,66.0148274113575,107.55287851415095,11.554268217618283,538.3426298000002,123.81880485399995,0.6815848406922285,15.684
down_20261007_peligro_p_D02-24297c444c84,2026-10-09T12:00:00Z,high,45,10,0.35,positive,31.884507563317836,3.8326633428291066,65.28749127723022,0.8820257852366532,4.433,66.69981427692436,107.85430016242873,11.742893392052139,541.2292392000002,124.48272501599992,0.6855438910031063,15.815
down_20261007_peligro_p_D02-24297c444c84,2026-10-09T12:00:00Z,high,45,10,0.5,positive,91.36948840475216,53.23974320311393,130.62580479507966,0.8802023961052111,4.499,67.25633627805777,108.03576503453064,11.789061167469452,548.5197743000001,126.1595480889999,0.6875781109172314,15.885
down_20261007_peligro_p_D02-24297c444c84,2026-10-09T12:00:00Z,high,45,10,1,positive,238.4934721057356,202.36469937669293,277.99854123420755,0.8793475880068857,4.53,68.5548915415644,108.60514554566376,12.123371670977024,561.9966788000007,129.25923612399987,0.6925407783066888,16.148
down_20261007_peligro_p_D02-24297c444c84,2026-10-09T12:00:00Z,high,45,10,eta-greedy,inconclusive,1.079507486051397,-2.1533721225505396,4.69797090890639,0.8800427950154366,4.499,66.17238427783595,107.80533610838782,11.58868959491282,545.0185646000002,125.35426985799992,0.6814995176474663,15.673
down_20261007_peligro_p_D02-24297c444c84,2026-10-09T12:00:00Z,high,45,10,distance-greedy,inconclusive,8.685899946042063,-20.526576170560592,34.824749288023575,0.8823151368612008,4.424,66.19385897246471,107.49160994995486,11.596889056797508,527.5439782,121.33511498600018,0.6830097538437483,15.722
down_20261007_peligro_p_D02-24297c444c84,2026-10-09T12:00:00Z,high,45,60,0,reference,0,0,0,0.879939543601794,4.503,66.15874163050883,107.81130937991182,11.594249908363341,544.6083044000001,125.2599100119999,0.681287188973428,15.676
down_20261007_peligro_p_D02-24297c444c84,2026-10-09T12:00:00Z,high,45,60,0.2,negative,-57.654269896163854,-99.95393984679534,-19.372892993743996,0.8812382547426315,4.46,66.0148274113575,107.55287851415095,11.554268217618283,538.3426298000002,123.81880485399995,0.6815848406922285,15.684
down_20261007_peligro_p_D02-24297c444c84,2026-10-09T12:00:00Z,high,45,60,0.35,inconclusive,-18.40403459742177,-74.4629051643544,30.598451731762275,0.8820257852366532,4.433,66.69981427692436,107.85430016242873,11.742893392052139,541.2292392000002,124.48272501599992,0.6855438910031063,15.815
down_20261007_peligro_p_D02-24297c444c84,2026-10-09T12:00:00Z,high,45,60,0.5,positive,75.97664679387246,18.993559322904133,143.71683349350027,0.8802023961052111,4.499,67.25633627805777,108.03576503453064,11.789061167469452,548.5197743000001,126.1595480889999,0.6875781109172314,15.885
down_20261007_peligro_p_D02-24297c444c84,2026-10-09T12:00:00Z,high,45,60,1,positive,237.64567692260056,182.8863306705672,301.3945928039562,0.8793475880068857,4.53,68.5548915415644,108.60514554566376,12.123371670977024,561.9966788000007,129.25923612399987,0.6925407783066888,16.148
down_20261007_peligro_p_D02-24297c444c84,2026-10-09T12:00:00Z,high,45,60,eta-greedy,inconclusive,-0.26671137978804926,-5.973849666473324,4.132916011033216,0.8800427950154366,4.499,66.17238427783595,107.80533610838782,11.58868959491282,545.0185646000002,125.35426985799992,0.6814995176474663,15.673
down_20261007_peligro_p_D02-24297c444c84,2026-10-09T12:00:00Z,high,45,60,distance-greedy,inconclusive,-47.02608668729172,-93.98439154855161,0.8724951775754538,0.8823151368612008,4.424,66.19385897246471,107.49160994995486,11.596889056797508,527.5439782,121.33511498600018,0.6830097538437483,15.722
down_20261007_peligro_p_D02-24297c444c84,2026-10-09T12:00:00Z,high,45,120,0,reference,0,0,0,0.879939543601794,4.503,66.15874163050883,107.81130937991182,11.594249908363341,544.6083044000001,125.2599100119999,0.681287188973428,15.676
down_20261007_peligro_p_D02-24297c444c84,2026-10-09T12:00:00Z,high,45,120,0.2,negative,-97.84000345383825,-186.56691964006228,-24.949795802569184,0.8812382547426315,4.46,66.0148274113575,107.55287851415095,11.554268217618283,538.3426298000002,123.81880485399995,0.6815848406922285,15.684
down_20261007_peligro_p_D02-24297c444c84,2026-10-09T12:00:00Z,high,45,120,0.35,inconclusive,-78.75028519030784,-188.71442687432258,20.67380029005453,0.8820257852366532,4.433,66.69981427692436,107.85430016242873,11.742893392052139,541.2292392000002,124.48272501599992,0.6855438910031063,15.815
down_20261007_peligro_p_D02-24297c444c84,2026-10-09T12:00:00Z,high,45,120,0.5,inconclusive,57.50523686081685,-49.22241403198678,179.3974459944371,0.8802023961052111,4.499,67.25633627805777,108.03576503453064,11.789061167469452,548.5197743000001,126.1595480889999,0.6875781109172314,15.885
down_20261007_peligro_p_D02-24297c444c84,2026-10-09T12:00:00Z,high,45,120,1,positive,236.62832270284085,118.16902523207916,347.72062093423625,0.8793475880068857,4.53,68.5548915415644,108.60514554566376,12.123371670977024,561.9966788000007,129.25923612399987,0.6925407783066888,16.148
down_20261007_peligro_p_D02-24297c444c84,2026-10-09T12:00:00Z,high,45,120,eta-greedy,inconclusive,-1.8821740187953784,-14.933276624068776,9.311713119152245,0.8800427950154366,4.499,66.17238427783595,107.80533610838782,11.58868959491282,545.0185646000002,125.35426985799992,0.6814995176474663,15.673
down_20261007_peligro_p_D02-24297c444c84,2026-10-09T12:00:00Z,high,45,120,distance-greedy,negative,-113.88047064729169,-213.83208643566175,-22.388877774478125,0.8823151368612008,4.424,66.19385897246471,107.49160994995486,11.596889056797508,527.5439782,121.33511498600018,0.6830097538437483,15.722
down_20261007_peligro_p_D02-24297c444c84,2026-10-09T12:00:00Z,high,90,10,0,reference,0,0,0,0.7393875716026577,9.63,70.8913975515698,109.44307561923905,18.0474768408205,447.5381822999998,102.93378192900005,0.8000533769186615,21.862
down_20261007_peligro_p_D02-24297c444c84,2026-10-09T12:00:00Z,high,90,10,0.2,negative,-22.06673747741356,-38.96284431697517,-2.2006196604586057,0.7394462259380595,9.628,70.76480900194287,109.26801348947298,18.061175780203975,441.3745413999996,101.51614452200013,0.7993822701366735,21.86
down_20261007_peligro_p_D02-24297c444c84,2026-10-09T12:00:00Z,high,90,10,0.35,inconclusive,-13.769407771284234,-38.83192181891987,11.813374082634962,0.7392681949610075,9.636,70.98520673824481,109.42016966684776,18.107426496774497,442.11369699999983,101.68615031000006,0.7999578227975002,21.864
down_20261007_peligro_p_D02-24297c444c84,2026-10-09T12:00:00Z,high,90,10,0.5,positive,35.35137725219085,7.000632369598638,63.499043724376605,0.7382026979415475,9.676,71.4799368971421,109.58909760419422,18.151691724761342,447.52178629999975,102.93001084899993,0.801139201000919,21.884
down_20261007_peligro_p_D02-24297c444c84,2026-10-09T12:00:00Z,high,90,10,1,positive,72.96719284320172,41.29434029083723,100.13829291744415,0.7366063258135868,9.727,71.89235068364232,109.64356366612924,18.126669667227418,452.7192962000004,104.12543812599993,0.8015897525446922,21.912
down_20261007_peligro_p_D02-24297c444c84,2026-10-09T12:00:00Z,high,90,10,eta-greedy,inconclusive,0.2883984524080852,-1.2463758311743225,2.1292469104140235,0.7393381813587553,9.632,70.89506331767431,109.42721945471722,18.050983504040186,447.4992359999998,102.92482428000008,0.7999693683964231,21.86
down_20261007_peligro_p_D02-24297c444c84,2026-10-09T12:00:00Z,high,90,10,distance-greedy,inconclusive,-9.957285876253382,-29.295770636064947,12.432240480541877,0.7397743283077963,9.616,70.81888765952318,109.16073443739631,18.08907787560396,436.59917029999957,100.417809169,0.7997984860391849,21.85
down_20261007_peligro_p_D02-24297c444c84,2026-10-09T12:00:00Z,high,90,60,0,reference,0,0,0,0.7393875716026577,9.63,70.8913975515698,109.44307561923905,18.0474768408205,447.5381822999998,102.93378192900005,0.8000533769186615,21.862
down_20261007_peligro_p_D02-24297c444c84,2026-10-09T12:00:00Z,high,90,60,0.2,negative,-44.49481805190147,-75.70978653297759,-8.639312292535042,0.7394462259380595,9.628,70.76480900194287,109.26801348947298,18.061175780203975,441.3745413999996,101.51614452200013,0.7993822701366735,21.86
down_20261007_peligro_p_D02-24297c444c84,2026-10-09T12:00:00Z,high,90,60,0.35,inconclusive,-45.37745859730009,-95.45281453852131,4.590855204311817,0.7392681949610075,9.636,70.98520673824481,109.42016966684776,18.107426496774497,442.11369699999983,101.68615031000006,0.7999578227975002,21.864
down_20261007_peligro_p_D02-24297c444c84,2026-10-09T12:00:00Z,high,90,60,0.5,inconclusive,26.32936935663033,-30.871460634187088,85.5631659633439,0.7382026979415475,9.676,71.4799368971421,109.58909760419422,18.151691724761342,447.52178629999975,102.93001084899993,0.801139201000919,21.884
down_20261007_peligro_p_D02-24297c444c84,2026-10-09T12:00:00Z,high,90,60,1,positive,87.76769713581139,29.897848381557285,147.224073725532,0.7366063258135868,9.727,71.89235068364232,109.64356366612924,18.126669667227418,452.7192962000004,104.12543812599993,0.8015897525446922,21.912
down_20261007_peligro_p_D02-24297c444c84,2026-10-09T12:00:00Z,high,90,60,eta-greedy,inconclusive,0.4748826016279654,-1.2591977671961225,2.367195460902948,0.7393381813587553,9.632,70.89506331767431,109.42721945471722,18.050983504040186,447.4992359999998,102.92482428000008,0.7999693683964231,21.86
down_20261007_peligro_p_D02-24297c444c84,2026-10-09T12:00:00Z,high,90,60,distance-greedy,inconclusive,-25.485144350049765,-67.20578951019823,15.65041969310274,0.7397743283077963,9.616,70.81888765952318,109.16073443739631,18.08907787560396,436.59917029999957,100.417809169,0.7997984860391849,21.85
down_20261007_peligro_p_D02-24297c444c84,2026-10-09T12:00:00Z,high,90,120,0,reference,0,0,0,0.7393875716026577,9.63,70.8913975515698,109.44307561923905,18.0474768408205,447.5381822999998,102.93378192900005,0.8000533769186615,21.862
down_20261007_peligro_p_D02-24297c444c84,2026-10-09T12:00:00Z,high,90,120,0.2,inconclusive,-71.40851474128661,-144.43470526590153,5.081005431728926,0.7394462259380595,9.628,70.76480900194287,109.26801348947298,18.061175780203975,441.3745413999996,101.51614452200013,0.7993822701366735,21.86
down_20261007_peligro_p_D02-24297c444c84,2026-10-09T12:00:00Z,high,90,120,0.35,inconclusive,-83.30711958851919,-172.86098807747663,16.332701824923927,0.7392681949610075,9.636,70.98520673824481,109.42016966684776,18.107426496774497,442.11369699999983,101.68615031000006,0.7999578227975002,21.864
down_20261007_peligro_p_D02-24297c444c84,2026-10-09T12:00:00Z,high,90,120,0.5,inconclusive,15.50295988195812,-103.1143080645229,125.0683655284264,0.7382026979415475,9.676,71.4799368971421,109.58909760419422,18.151691724761342,447.52178629999975,102.93001084899993,0.801139201000919,21.884
down_20261007_peligro_p_D02-24297c444c84,2026-10-09T12:00:00Z,high,90,120,1,inconclusive,105.5283022869444,-8.181979108126493,213.6501390142416,0.7366063258135868,9.727,71.89235068364232,109.64356366612924,18.126669667227418,452.7192962000004,104.12543812599993,0.8015897525446922,21.912
down_20261007_peligro_p_D02-24297c444c84,2026-10-09T12:00:00Z,high,90,120,eta-greedy,inconclusive,0.6986635806918002,-1.772556965255235,4.116492056434705,0.7393381813587553,9.632,70.89506331767431,109.42721945471722,18.050983504040186,447.4992359999998,102.92482428000008,0.7999693683964231,21.86
down_20261007_peligro_p_D02-24297c444c84,2026-10-09T12:00:00Z,high,90,120,distance-greedy,inconclusive,-44.118574518605136,-131.94599359368505,38.14902354705374,0.7397743283077963,9.616,70.81888765952318,109.16073443739631,18.08907787560396,436.59917029999957,100.417809169,0.7997984860391849,21.85
down_20261007_peligro_p_D02-24297c444c84,2026-10-09T12:00:00Z,high,180,10,0,reference,0,0,0,0.5237734626972409,17.304,73.58441184625357,111.28939626577376,23.004772436118422,306.3777012,70.46687127599994,0.879226723476768,27.026
down_20261007_peligro_p_D02-24297c444c84,2026-10-09T12:00:00Z,high,180,10,0.2,negative,-23.518946868640818,-37.80573984250562,-6.749961344970874,0.523750140042085,17.303,73.31199979716128,111.42542784357856,22.882944669124832,302.18277870000003,69.502039101,0.878716416062573,26.997
down_20261007_peligro_p_D02-24297c444c84,2026-10-09T12:00:00Z,high,180,10,0.35,negative,-29.14483858000533,-50.74388291039051,-8.087405048599338,0.5226304197642243,17.343,73.41075059651133,111.51022683188168,22.820885513891238,303.4863169000001,69.80185288699998,0.87734677700888,26.94
down_20261007_peligro_p_D02-24297c444c84,2026-10-09T12:00:00Z,high,180,10,0.5,inconclusive,9.451943432887282,-18.11422789104836,33.803340068357286,0.5219000398824798,17.366,73.90819874308174,111.46533382562245,22.818484847472615,307.88876370000014,70.81441565099996,0.8779726153218158,26.963
down_20261007_peligro_p_D02-24297c444c84,2026-10-09T12:00:00Z,high,180,10,1,inconclusive,25.851352459303598,-0.4145139888060998,53.29474021406008,0.5216028165330445,17.378,74.16512817891376,111.53328881167253,22.756871727289813,310.1001179000001,71.32302711700002,0.8785003382733109,26.964
down_20261007_peligro_p_D02-24297c444c84,2026-10-09T12:00:00Z,high,180,10,eta-greedy,inconclusive,0.14280240343285458,-0.15398418094638727,0.5281093404960577,0.5237448912686695,17.305,73.58977526858959,111.29653017155375,23.00157444157995,306.4764873,70.48959207899995,0.879239790693718,27.025
down_20261007_peligro_p_D02-24297c444c84,2026-10-09T12:00:00Z,high,180,10,distance-greedy,negative,-29.971050104358884,-48.359177390137056,-12.979912889083383,0.5234394206876489,17.314,73.19855890864025,111.33690620906977,22.853284510261815,299.7286478000001,68.93758899400005,0.8782021712371836,26.991
down_20261007_peligro_p_D02-24297c444c84,2026-10-09T12:00:00Z,high,180,60,0,reference,0,0,0,0.5237734626972409,17.304,73.58441184625357,111.28939626577376,23.004772436118422,306.3777012,70.46687127599994,0.879226723476768,27.026
down_20261007_peligro_p_D02-24297c444c84,2026-10-09T12:00:00Z,high,180,60,0.2,inconclusive,-22.581346081825274,-48.69258994964958,8.402710243651955,0.523750140042085,17.303,73.31199979716128,111.42542784357856,22.882944669124832,302.18277870000003,69.502039101,0.878716416062573,26.997
down_20261007_peligro_p_D02-24297c444c84,2026-10-09T12:00:00Z,high,180,60,0.35,inconclusive,7.107264578533763,-38.721124149594814,48.265395837697604,0.5226304197642243,17.343,73.41075059651133,111.51022683188168,22.820885513891238,303.4863169000001,69.80185288699998,0.87734677700888,26.94
down_20261007_peligro_p_D02-24297c444c84,2026-10-09T12:00:00Z,high,180,60,0.5,positive,65.13026916063363,15.903215314262699,119.83553504567205,0.5219000398824798,17.366,73.90819874308174,111.46533382562245,22.818484847472615,307.88876370000014,70.81441565099996,0.8779726153218158,26.963
down_20261007_peligro_p_D02-24297c444c84,2026-10-09T12:00:00Z,high,180,60,1,positive,84.52196322435078,32.47892965860718,132.60691992838926,0.5216028165330445,17.378,74.16512817891376,111.53328881167253,22.756871727289813,310.1001179000001,71.32302711700002,0.8785003382733109,26.964
down_20261007_peligro_p_D02-24297c444c84,2026-10-09T12:00:00Z,high,180,60,eta-greedy,inconclusive,0.38659826268554026,-0.09681973011697119,1.1093221076862072,0.5237448912686695,17.305,73.58977526858959,111.29653017155375,23.00157444157995,306.4764873,70.48959207899995,0.879239790693718,27.025
down_20261007_peligro_p_D02-24297c444c84,2026-10-09T12:00:00Z,high,180,60,distance-greedy,inconclusive,-25.057449842309413,-60.483939444501864,6.083583636229651,0.5234394206876489,17.314,73.19855890864025,111.33690620906977,22.853284510261815,299.7286478000001,68.93758899400005,0.8782021712371836,26.991
down_20261007_peligro_p_D02-24297c444c84,2026-10-09T12:00:00Z,high,180,120,0,reference,0,0,0,0.5237734626972409,17.304,73.58441184625357,111.28939626577376,23.004772436118422,306.3777012,70.46687127599994,0.879226723476768,27.026
down_20261007_peligro_p_D02-24297c444c84,2026-10-09T12:00:00Z,high,180,120,0.2,inconclusive,-21.45622513764675,-73.80132672660365,35.73823040695516,0.523750140042085,17.303,73.31199979716128,111.42542784357856,22.882944669124832,302.18277870000003,69.502039101,0.878716416062573,26.997
down_20261007_peligro_p_D02-24297c444c84,2026-10-09T12:00:00Z,high,180,120,0.35,inconclusive,50.60978836878143,-35.81208425994762,139.1303428954822,0.5226304197642243,17.343,73.41075059651133,111.51022683188168,22.820885513891238,303.4863169000001,69.80185288699998,0.87734677700888,26.94
down_20261007_peligro_p_D02-24297c444c84,2026-10-09T12:00:00Z,high,180,120,0.5,positive,131.94426003392962,38.380199447195544,227.86060480701246,0.5219000398824798,17.366,73.90819874308174,111.46533382562245,22.818484847472615,307.88876370000014,70.81441565099996,0.8779726153218158,26.963
down_20261007_peligro_p_D02-24297c444c84,2026-10-09T12:00:00Z,high,180,120,1,positive,154.92669614240629,39.88413300771772,268.0738437170074,0.5216028165330445,17.378,74.16512817891376,111.53328881167253,22.756871727289813,310.1001179000001,71.32302711700002,0.8785003382733109,26.964
down_20261007_peligro_p_D02-24297c444c84,2026-10-09T12:00:00Z,high,180,120,eta-greedy,inconclusive,0.6791532937887751,-0.13264936272219346,2.2146750259525394,0.5237448912686695,17.305,73.58977526858959,111.29653017155375,23.00157444157995,306.4764873,70.48959207899995,0.879239790693718,27.025
down_20261007_peligro_p_D02-24297c444c84,2026-10-09T12:00:00Z,high,180,120,distance-greedy,inconclusive,-19.161129527849603,-83.0449037614128,51.158006298051816,0.5234394206876489,17.314,73.19855890864025,111.33690620906977,22.853284510261815,299.7286478000001,68.93758899400005,0.8782021712371836,26.991
down_20261007_peligro_p_D01-3acf9899447e,2026-10-08T12:00:00Z,low,45,10,0,reference,0,0,0,0.991530343701706,0.12,49.715673730927556,81.81492746838215,0.8191047380079907,183.51248069999997,42.20787056099998,0.246053135030913,0.514
down_20261007_peligro_p_D01-3acf9899447e,2026-10-08T12:00:00Z,low,45,10,0.2,negative,-25.371572488966088,-37.35348084017831,-13.707220536942907,0.9923663557890338,0.111,49.24536576163534,81.16364883149986,0.7995586130302764,175.92763159999998,40.46335526799999,0.24483083836251462,0.504
down_20261007_peligro_p_D01-3acf9899447e,2026-10-08T12:00:00Z,low,45,10,0.35,inconclusive,2.437238293598764,-15.154167072852696,18.351224185502065,0.992804311269002,0.104,50.21565447646056,83.08260349604936,0.779704831458679,174.8154123999999,40.20754485200002,0.24755826724189697,0.508
down_20261007_peligro_p_D01-3acf9899447e,2026-10-08T12:00:00Z,low,45,10,0.5,positive,45.88602843929658,26.375895958352466,66.69617952810532,0.9929676659698566,0.101,51.50133726585152,85.1489012096559,0.8117514298242866,179.38426029999985,41.25837986900002,0.25072327307326947,0.528
down_20261007_peligro_p_D01-3acf9899447e,2026-10-08T12:00:00Z,low,45,10,1,positive,216.5235132773988,193.48302617593782,240.52328420275433,0.9919456621394936,0.116,55.56826498664943,89.715346819299,0.8637694237471392,197.49068879999996,45.422858424000005,0.260111188225852,0.568
down_20261007_peligro_p_D01-3acf9899447e,2026-10-08T12:00:00Z,low,45,10,eta-greedy,inconclusive,-0.5603294768201509,-3.131418845865863,2.1674684460256373,0.991621252792615,0.119,49.707954803848835,81.83393978599473,0.8195532738456833,183.71832179999996,42.25521401399998,0.24609844212967846,0.513
down_20261007_peligro_p_D01-3acf9899447e,2026-10-08T12:00:00Z,low,45,10,distance-greedy,positive,38.47155735001244,20.85937054754344,56.57358214759559,0.9929599342092376,0.101,50.66986674561616,83.0899375887818,0.8134236221809436,164.3117487000001,37.791702201000035,0.24867449291181376,0.534
down_20261007_peligro_p_D01-3acf9899447e,2026-10-08T12:00:00Z,low,45,60,0,reference,0,0,0,0.991530343701706,0.12,49.715673730927556,81.81492746838215,0.8191047380079907,183.51248069999997,42.20787056099998,0.246053135030913,0.514
down_20261007_peligro_p_D01-3acf9899447e,2026-10-08T12:00:00Z,low,45,60,0.2,negative,-30.05180409831753,-41.021426301476076,-17.022292402950477,0.9923663557890338,0.111,49.24536576163534,81.16364883149986,0.7995586130302764,175.92763159999998,40.46335526799999,0.24483083836251462,0.504
down_20261007_peligro_p_D01-3acf9899447e,2026-10-08T12:00:00Z,low,45,60,0.35,inconclusive,-10.320004486189703,-27.168729522048235,8.292987373423088,0.992804311269002,0.104,50.21565447646056,83.08260349604936,0.779704831458679,174.8154123999999,40.20754485200002,0.24755826724189697,0.508
down_20261007_peligro_p_D01-3acf9899447e,2026-10-08T12:00:00Z,low,45,60,0.5,positive,32.7189485349816,13.659588028965675,53.790019863997415,0.9929676659698566,0.101,51.50133726585152,85.1489012096559,0.8117514298242866,179.38426029999985,41.25837986900002,0.25072327307326947,0.528
down_20261007_peligro_p_D01-3acf9899447e,2026-10-08T12:00:00Z,low,45,60,1,positive,216.69721873027976,190.6577688558756,240.91826999041362,0.9919456621394936,0.116,55.56826498664943,89.715346819299,0.8637694237471392,197.49068879999996,45.422858424000005,0.260111188225852,0.568
down_20261007_peligro_p_D01-3acf9899447e,2026-10-08T12:00:00Z,low,45,60,eta-greedy,inconclusive,-0.7649212940825774,-3.4373140799058857,1.8747659062371953,0.991621252792615,0.119,49.707954803848835,81.83393978599473,0.8195532738456833,183.71832179999996,42.25521401399998,0.24609844212967846,0.513
down_20261007_peligro_p_D01-3acf9899447e,2026-10-08T12:00:00Z,low,45,60,distance-greedy,positive,26.5368589882771,6.809120021199998,48.19142270790353,0.9929599342092376,0.101,50.66986674561616,83.0899375887818,0.8134236221809436,164.3117487000001,37.791702201000035,0.24867449291181376,0.534
down_20261007_peligro_p_D01-3acf9899447e,2026-10-08T12:00:00Z,low,45,120,0,reference,0,0,0,0.991530343701706,0.12,49.715673730927556,81.81492746838215,0.8191047380079907,183.51248069999997,42.20787056099998,0.246053135030913,0.514
down_20261007_peligro_p_D01-3acf9899447e,2026-10-08T12:00:00Z,low,45,120,0.2,negative,-35.668082029539406,-53.202166710901366,-19.35842484091106,0.9923663557890338,0.111,49.24536576163534,81.16364883149986,0.7995586130302764,175.92763159999998,40.46335526799999,0.24483083836251462,0.504
down_20261007_peligro_p_D01-3acf9899447e,2026-10-08T12:00:00Z,low,45,120,0.35,negative,-25.628695821935942,-51.83898472217651,-2.118725216798417,0.992804311269002,0.104,50.21565447646056,83.08260349604936,0.779704831458679,174.8154123999999,40.20754485200002,0.24755826724189697,0.508
down_20261007_peligro_p_D01-3acf9899447e,2026-10-08T12:00:00Z,low,45,120,0.5,inconclusive,16.918452649803573,-10.316257357681483,46.192487979242145,0.9929676659698566,0.101,51.50133726585152,85.1489012096559,0.8117514298242866,179.38426029999985,41.25837986900002,0.25072327307326947,0.528
down_20261007_peligro_p_D01-3acf9899447e,2026-10-08T12:00:00Z,low,45,120,1,positive,216.9056652737367,185.06172770444982,250.55558008421204,0.9919456621394936,0.116,55.56826498664943,89.715346819299,0.8637694237471392,197.49068879999996,45.422858424000005,0.260111188225852,0.568
down_20261007_peligro_p_D01-3acf9899447e,2026-10-08T12:00:00Z,low,45,120,eta-greedy,inconclusive,-1.0104314747974914,-3.654582296152018,1.9189354483915368,0.991621252792615,0.119,49.707954803848835,81.83393978599473,0.8195532738456833,183.71832179999996,42.25521401399998,0.24609844212967846,0.513
down_20261007_peligro_p_D01-3acf9899447e,2026-10-08T12:00:00Z,low,45,120,distance-greedy,inconclusive,12.21522095419461,-15.631221862857583,37.63550952144389,0.9929599342092376,0.101,50.66986674561616,83.0899375887818,0.8134236221809436,164.3117487000001,37.791702201000035,0.24867449291181376,0.534
down_20261007_peligro_p_D01-3acf9899447e,2026-10-08T12:00:00Z,low,90,10,0,reference,0,0,0,0.9714129130846944,0.409,53.311114573169,85.83615487201685,2.0287354672921145,188.06368239999983,43.25464695199997,0.3542965923852876,1.195
down_20261007_peligro_p_D01-3acf9899447e,2026-10-08T12:00:00Z,low,90,10,0.2,negative,-18.39186866175244,-27.729496122880256,-9.714794961853903,0.9723189436769092,0.398,52.96435255065609,85.33479115396402,1.9612867593095118,182.13729880000002,41.89157872399997,0.3541298066209118,1.192
down_20261007_peligro_p_D01-3acf9899447e,2026-10-08T12:00:00Z,low,90,10,0.35,inconclusive,-12.171168196807395,-26.923315606121253,2.12186609975008,0.9728863395550247,0.39,53.50098283326106,86.39397093293044,2.00068871241282,181.08419539999994,41.649364942,0.3556378876685783,1.2
down_20261007_peligro_p_D01-3acf9899447e,2026-10-08T12:00:00Z,low,90,10,0.5,positive,39.86327379076772,21.478419054678213,57.96342997962022,0.9728024115549203,0.392,54.951051677293485,88.5586391495407,2.0459555579352267,186.75412359999987,42.95344842799997,0.35901839030139987,1.22
down_20261007_peligro_p_D01-3acf9899447e,2026-10-08T12:00:00Z,low,90,10,1,positive,166.4631160702253,147.72473874358496,186.27156203154223,0.9706839627651479,0.418,57.99518337153287,91.0885071251595,2.0863831385892952,200.2729944000002,46.06278871199999,0.3645182815513505,1.253
down_20261007_peligro_p_D01-3acf9899447e,2026-10-08T12:00:00Z,low,90,10,eta-greedy,inconclusive,-1.9652209261951965,-4.419806601599435,0.16018865731118875,0.9712581511799324,0.411,53.26904101703383,85.80389259385751,2.019271864587786,188.11192379999986,43.265742473999985,0.35415777027538486,1.195
down_20261007_peligro_p_D01-3acf9899447e,2026-10-08T12:00:00Z,low,90,10,distance-greedy,inconclusive,10.122541012017251,-4.021813463505543,24.966930641055274,0.9725062617080352,0.395,53.58081635650511,85.75289359582875,1.9635787768978397,172.18176609999992,39.601806202999974,0.3555979948248671,1.18
down_20261007_peligro_p_D01-3acf9899447e,2026-10-08T12:00:00Z,low,90,60,0,reference,0,0,0,0.9714129130846944,0.409,53.311114573169,85.83615487201685,2.0287354672921145,188.06368239999983,43.25464695199997,0.3542965923852876,1.195
down_20261007_peligro_p_D01-3acf9899447e,2026-10-08T12:00:00Z,low,90,60,0.2,negative,-25.889544853562708,-38.6250928596507,-13.70775569783805,0.9723189436769092,0.398,52.96435255065609,85.33479115396402,1.9612867593095118,182.13729880000002,41.89157872399997,0.3541298066209118,1.192
down_20261007_peligro_p_D01-3acf9899447e,2026-10-08T12:00:00Z,low,90,60,0.35,negative,-23.88091708503982,-42.01776325468381,-5.033038574872685,0.9728863395550247,0.39,53.50098283326106,86.39397093293044,2.00068871241282,181.08419539999994,41.649364942,0.3556378876685783,1.2
down_20261007_peligro_p_D01-3acf9899447e,2026-10-08T12:00:00Z,low,90,60,0.5,positive,30.322880979265733,7.152602251283656,51.61679448466372,0.9728024115549203,0.392,54.951051677293485,88.5586391495407,2.0459555579352267,186.75412359999987,42.95344842799997,0.35901839030139987,1.22
down_20261007_peligro_p_D01-3acf9899447e,2026-10-08T12:00:00Z,low,90,60,1,positive,169.46987052338608,145.8307782848219,194.44070628928526,0.9706839627651479,0.418,57.99518337153287,91.0885071251595,2.0863831385892952,200.2729944000002,46.06278871199999,0.3645182815513505,1.253
down_20261007_peligro_p_D01-3acf9899447e,2026-10-08T12:00:00Z,low,90,60,eta-greedy,inconclusive,-0.01881057042084899,-3.3427346612629933,3.5549586065979843,0.9712581511799324,0.411,53.26904101703383,85.80389259385751,2.019271864587786,188.11192379999986,43.265742473999985,0.35415777027538486,1.195
down_20261007_peligro_p_D01-3acf9899447e,2026-10-08T12:00:00Z,low,90,60,distance-greedy,inconclusive,-5.0420645403067414,-23.186860794838392,12.89612139655849,0.9725062617080352,0.395,53.58081635650511,85.75289359582875,1.9635787768978397,172.18176609999992,39.601806202999974,0.3555979948248671,1.18
down_20261007_peligro_p_D01-3acf9899447e,2026-10-08T12:00:00Z,low,90,120,0,reference,0,0,0,0.9714129130846944,0.409,53.311114573169,85.83615487201685,2.0287354672921145,188.06368239999983,43.25464695199997,0.3542965923852876,1.195
down_20261007_peligro_p_D01-3acf9899447e,2026-10-08T12:00:00Z,low,90,120,0.2,negative,-34.886756283735046,-55.87504183688139,-13.165164810417291,0.9723189436769092,0.398,52.96435255065609,85.33479115396402,1.9612867593095118,182.13729880000002,41.89157872399997,0.3541298066209118,1.192
down_20261007_peligro_p_D01-3acf9899447e,2026-10-08T12:00:00Z,low,90,120,0.35,negative,-37.93261575091884,-68.80153254822025,-7.453811392109477,0.9728863395550247,0.39,53.50098283326106,86.39397093293044,2.00068871241282,181.08419539999994,41.649364942,0.3556378876685783,1.2
down_20261007_peligro_p_D01-3acf9899447e,2026-10-08T12:00:00Z,low,90,120,0.5,inconclusive,18.874409605463317,-22.386079055390965,56.670870584601836,0.9728024115549203,0.392,54.951051677293485,88.5586391495407,2.0459555579352267,186.75412359999987,42.95344842799997,0.35901839030139987,1.22
down_20261007_peligro_p_D01-3acf9899447e,2026-10-08T12:00:00Z,low,90,120,1,positive,173.0779758671789,128.63971766142708,212.66149004842956,0.9706839627651479,0.418,57.99518337153287,91.0885071251595,2.0863831385892952,200.2729944000002,46.06278871199999,0.3645182815513505,1.253
down_20261007_peligro_p_D01-3acf9899447e,2026-10-08T12:00:00Z,low,90,120,eta-greedy,inconclusive,2.316881856508373,-3.182216028829549,9.207391648932797,0.9712581511799324,0.411,53.26904101703383,85.80389259385751,2.019271864587786,188.11192379999986,43.265742473999985,0.35415777027538486,1.195
down_20261007_peligro_p_D01-3acf9899447e,2026-10-08T12:00:00Z,low,90,120,distance-greedy,inconclusive,-23.239591203095554,-53.78209315152248,8.919042091027496,0.9725062617080352,0.395,53.58081635650511,85.75289359582875,1.9635787768978397,172.18176609999992,39.601806202999974,0.3555979948248671,1.18
down_20261007_peligro_p_D01-3acf9899447e,2026-10-08T12:00:00Z,low,180,10,0,reference,0,0,0,0.8937020506758774,1.464,57.50189648488098,89.20077511332804,3.859362686808519,179.93441839999983,41.384916232000045,0.5131005296418838,2.671
down_20261007_peligro_p_D01-3acf9899447e,2026-10-08T12:00:00Z,low,180,10,0.2,negative,-22.807263215444976,-31.53291024496748,-14.953332951028367,0.8947403253842608,1.453,56.99847609320956,88.92550271543378,3.8358985045510923,174.87434339999982,40.221098981999965,0.5127067584272162,2.667
down_20261007_peligro_p_D01-3acf9899447e,2026-10-08T12:00:00Z,low,180,10,0.35,negative,-16.01899795411228,-27.690071051418993,-3.26621935195601,0.8951330857070136,1.448,57.673159427885366,90.07365168897012,3.8266861217703227,175.0358663999999,40.25824927200003,0.5141742574714395,2.686
down_20261007_peligro_p_D01-3acf9899447e,2026-10-08T12:00:00Z,low,180,10,0.5,positive,17.462594964815885,0.5361353587107562,33.63291974172076,0.8929751267370191,1.475,58.69729475749986,91.05791282991225,3.7990252033863356,178.23340299999992,40.99368269,0.5151350183137416,2.705
down_20261007_peligro_p_D01-3acf9899447e,2026-10-08T12:00:00Z,low,180,10,1,positive,101.49148487093349,83.47525504773786,119.06413471244693,0.8907278461967818,1.501,60.89004391262231,92.96068327264744,3.9723100169249705,187.23227039999995,43.06342219200007,0.5173128432958606,2.773
down_20261007_peligro_p_D01-3acf9899447e,2026-10-08T12:00:00Z,low,180,10,eta-greedy,inconclusive,-0.5288719908316123,-1.6997582414317869,0.83797680203637,0.8936187173425441,1.465,57.49201619779867,89.20967031351523,3.8582109554760176,180.05820779999985,41.413387794000045,0.5130326990091678,2.671
down_20261007_peligro_p_D01-3acf9899447e,2026-10-08T12:00:00Z,low,180,10,distance-greedy,inconclusive,-3.3396636806085427,-16.394048466126595,11.022059237250794,0.8943716062379102,1.459,57.45293663382989,89.21149551797947,3.7928842305500505,169.69458549999987,39.02975466500003,0.5132058625884314,2.677
down_20261007_peligro_p_D01-3acf9899447e,2026-10-08T12:00:00Z,low,180,60,0,reference,0,0,0,0.8937020506758774,1.464,57.50189648488098,89.20077511332804,3.859362686808519,179.93441839999983,41.384916232000045,0.5131005296418838,2.671
down_20261007_peligro_p_D01-3acf9899447e,2026-10-08T12:00:00Z,low,180,60,0.2,negative,-30.261070433177363,-41.603951536537735,-19.940760629836785,0.8947403253842608,1.453,56.99847609320956,88.92550271543378,3.8358985045510923,174.87434339999982,40.221098981999965,0.5127067584272162,2.667
down_20261007_peligro_p_D01-3acf9899447e,2026-10-08T12:00:00Z,low,180,60,0.35,negative,-25.726169712614247,-44.02404174923732,-7.07570529562279,0.8951330857070136,1.448,57.673159427885366,90.07365168897012,3.8266861217703227,175.0358663999999,40.25824927200003,0.5141742574714395,2.686
down_20261007_peligro_p_D01-3acf9899447e,2026-10-08T12:00:00Z,low,180,60,0.5,positive,28.207596866331617,6.676821934858883,51.705918148401416,0.8929751267370191,1.475,58.69729475749986,91.05791282991225,3.7990252033863356,178.23340299999992,40.99368269,0.5151350183137416,2.705
down_20261007_peligro_p_D01-3acf9899447e,2026-10-08T12:00:00Z,low,180,60,1,positive,126.78006307072418,102.51877396910248,151.66377751310134,0.8907278461967818,1.501,60.89004391262231,92.96068327264744,3.9723100169249705,187.23227039999995,43.06342219200007,0.5173128432958606,2.773
down_20261007_peligro_p_D01-3acf9899447e,2026-10-08T12:00:00Z,low,180,60,eta-greedy,inconclusive,-0.30822777706145055,-1.6241002563266695,0.9678089460967554,0.8936187173425441,1.465,57.49201619779867,89.20967031351523,3.8582109554760176,180.05820779999985,41.413387794000045,0.5130326990091678,2.671
down_20261007_peligro_p_D01-3acf9899447e,2026-10-08T12:00:00Z,low,180,60,distance-greedy,inconclusive,-9.65823162337728,-26.8429213197792,5.79125971848947,0.8943716062379102,1.459,57.45293663382989,89.21149551797947,3.7928842305500505,169.69458549999987,39.02975466500003,0.5132058625884314,2.677
down_20261007_peligro_p_D01-3acf9899447e,2026-10-08T12:00:00Z,low,180,120,0,reference,0,0,0,0.8937020506758774,1.464,57.50189648488098,89.20077511332804,3.859362686808519,179.93441839999983,41.384916232000045,0.5131005296418838,2.671
down_20261007_peligro_p_D01-3acf9899447e,2026-10-08T12:00:00Z,low,180,120,0.2,negative,-39.205639094456316,-60.24941985240902,-19.60553259652167,0.8947403253842608,1.453,56.99847609320956,88.92550271543378,3.8358985045510923,174.87434339999982,40.221098981999965,0.5127067584272162,2.667
down_20261007_peligro_p_D01-3acf9899447e,2026-10-08T12:00:00Z,low,180,120,0.35,negative,-37.374775822816,-70.18231768206347,-1.7259073095134592,0.8951330857070136,1.448,57.673159427885366,90.07365168897012,3.8266861217703227,175.0358663999999,40.25824927200003,0.5141742574714395,2.686
down_20261007_peligro_p_D01-3acf9899447e,2026-10-08T12:00:00Z,low,180,120,0.5,inconclusive,41.101599148150925,-3.7047725721826357,79.94456683292378,0.8929751267370191,1.475,58.69729475749986,91.05791282991225,3.7990252033863356,178.23340299999992,40.99368269,0.5151350183137416,2.705
down_20261007_peligro_p_D01-3acf9899447e,2026-10-08T12:00:00Z,low,180,120,1,positive,157.12635691047325,112.87823547793865,205.29214151189072,0.8907278461967818,1.501,60.89004391262231,92.96068327264744,3.9723100169249705,187.23227039999995,43.06342219200007,0.5173128432958606,2.773
down_20261007_peligro_p_D01-3acf9899447e,2026-10-08T12:00:00Z,low,180,120,eta-greedy,inconclusive,-0.0434547205372628,-1.5181588259415788,1.5565520567968423,0.8936187173425441,1.465,57.49201619779867,89.20967031351523,3.8582109554760176,180.05820779999985,41.413387794000045,0.5130326990091678,2.671
down_20261007_peligro_p_D01-3acf9899447e,2026-10-08T12:00:00Z,low,180,120,distance-greedy,inconclusive,-17.24051315469981,-49.81925783688604,11.781854074641625,0.8943716062379102,1.459,57.45293663382989,89.21149551797947,3.7928842305500505,169.69458549999987,39.02975466500003,0.5132058625884314,2.677
down_20261007_peligro_p_D01-3acf9899447e,2026-10-08T12:00:00Z,high,45,10,0,reference,0,0,0,0.8783552212061488,4.613,66.62931552514654,108.16253050103131,12.020630393543584,551.2433142999997,126.78596228899997,0.6893581095311246,16.156
down_20261007_peligro_p_D01-3acf9899447e,2026-10-08T12:00:00Z,high,45,10,0.2,inconclusive,-13.774738662805753,-33.27764109361631,5.456493040425493,0.879782916750869,4.569,66.51419666174607,108.12132703238855,12.063071426032632,544.4753044999999,125.22932003500003,0.6892742410641669,16.154
down_20261007_peligro_p_D01-3acf9899447e,2026-10-08T12:00:00Z,high,45,10,0.35,inconclusive,-5.765794167805726,-33.799225919602954,25.518078736429167,0.8805534415193091,4.537,66.68203277354922,108.01317789491877,12.17894166061338,542.3393677000001,124.73805457100012,0.6903421844061549,16.188
down_20261007_peligro_p_D01-3acf9899447e,2026-10-08T12:00:00Z,high,45,10,0.5,positive,48.46775249370172,17.140659017596683,83.06671654744262,0.8801160095102937,4.555,67.28305996597543,108.20402180597908,12.232247206121434,547.6521420000003,125.95999266000013,0.693447575224941,16.333
down_20261007_peligro_p_D01-3acf9899447e,2026-10-08T12:00:00Z,high,45,10,1,positive,200.2357874464086,162.4892548738742,241.2232201465363,0.8785330984577512,4.61,68.58695793223674,108.59716793779447,12.569884953883307,562.8062639000002,129.445440697,0.6981604117952901,16.562
down_20261007_peligro_p_D01-3acf9899447e,2026-10-08T12:00:00Z,high,45,10,eta-greedy,inconclusive,1.8685991030957398,-2.394485722642488,6.153572862349405,0.8782854191365591,4.616,66.64699242872219,108.18870010966579,12.013081837014116,551.6425367999997,126.87778346399996,0.6893472430204951,16.153
down_20261007_peligro_p_D01-3acf9899447e,2026-10-08T12:00:00Z,high,45,10,distance-greedy,inconclusive,20.08601221069264,-11.958443993127005,47.591563947519205,0.8796377875139657,4.571,66.76726343876601,107.90247690153235,12.12006866257289,535.5933502,123.18647054600004,0.6901671203985661,16.187
down_20261007_peligro_p_D01-3acf9899447e,2026-10-08T12:00:00Z,high,45,60,0,reference,0,0,0,0.8783552212061488,4.613,66.62931552514654,108.16253050103131,12.020630393543584,551.2433142999997,126.78596228899997,0.6893581095311246,16.156
down_20261007_peligro_p_D01-3acf9899447e,2026-10-08T12:00:00Z,high,45,60,0.2,negative,-43.909174677477154,-77.95631607058414,-10.166657606159342,0.879782916750869,4.569,66.51419666174607,108.12132703238855,12.063071426032632,544.4753044999999,125.22932003500003,0.6892742410641669,16.154
down_20261007_peligro_p_D01-3acf9899447e,2026-10-08T12:00:00Z,high,45,60,0.35,negative,-62.90697604400633,-116.87253625703248,-17.58977640695971,0.8805534415193091,4.537,66.68203277354922,108.01317789491877,12.17894166061338,542.3393677000001,124.73805457100012,0.6903421844061549,16.188
down_20261007_peligro_p_D01-3acf9899447e,2026-10-08T12:00:00Z,high,45,60,0.5,inconclusive,4.705578320801035,-51.801627845063436,58.84927075718006,0.8801160095102937,4.555,67.28305996597543,108.20402180597908,12.232247206121434,547.6521420000003,125.95999266000013,0.693447575224941,16.333
down_20261007_peligro_p_D01-3acf9899447e,2026-10-08T12:00:00Z,high,45,60,1,positive,189.48927176987902,120.7131545778005,262.87166084526393,0.8785330984577512,4.61,68.58695793223674,108.59716793779447,12.569884953883307,562.8062639000002,129.445440697,0.6981604117952901,16.562
down_20261007_peligro_p_D01-3acf9899447e,2026-10-08T12:00:00Z,high,45,60,eta-greedy,inconclusive,1.7865021568646133,-2.6654903478049268,7.514770703793645,0.8782854191365591,4.616,66.64699242872219,108.18870010966579,12.013081837014116,551.6425367999997,126.87778346399996,0.6893472430204951,16.153
down_20261007_peligro_p_D01-3acf9899447e,2026-10-08T12:00:00Z,high,45,60,distance-greedy,inconclusive,-10.46122007098251,-56.00060374574217,38.50792772619981,0.8796377875139657,4.571,66.76726343876601,107.90247690153235,12.12006866257289,535.5933502,123.18647054600004,0.6901671203985661,16.187
down_20261007_peligro_p_D01-3acf9899447e,2026-10-08T12:00:00Z,high,45,120,0,reference,0,0,0,0.8783552212061488,4.613,66.62931552514654,108.16253050103131,12.020630393543584,551.2433142999997,126.78596228899997,0.6893581095311246,16.156
down_20261007_peligro_p_D01-3acf9899447e,2026-10-08T12:00:00Z,high,45,120,0.2,negative,-80.07049789508295,-147.44220633081335,-19.244216279083403,0.879782916750869,4.569,66.51419666174607,108.12132703238855,12.063071426032632,544.4753044999999,125.22932003500003,0.6892742410641669,16.154
down_20261007_peligro_p_D01-3acf9899447e,2026-10-08T12:00:00Z,high,45,120,0.35,negative,-131.47639429544597,-227.26809267116684,-34.71913543931474,0.8805534415193091,4.537,66.68203277354922,108.01317789491877,12.17894166061338,542.3393677000001,124.73805457100012,0.6903421844061549,16.188
down_20261007_peligro_p_D01-3acf9899447e,2026-10-08T12:00:00Z,high,45,120,0.5,inconclusive,-47.80903068667943,-146.51962159039442,66.49320321940199,0.8801160095102937,4.555,67.28305996597543,108.20402180597908,12.232247206121434,547.6521420000003,125.95999266000013,0.693447575224941,16.333
down_20261007_peligro_p_D01-3acf9899447e,2026-10-08T12:00:00Z,high,45,120,1,positive,176.59345295804349,51.98404006125709,296.47493015669363,0.8785330984577512,4.61,68.58695793223674,108.59716793779447,12.569884953883307,562.8062639000002,129.445440697,0.6981604117952901,16.562
down_20261007_peligro_p_D01-3acf9899447e,2026-10-08T12:00:00Z,high,45,120,eta-greedy,inconclusive,1.6879858213872612,-5.677058022886964,10.405646688344921,0.8782854191365591,4.616,66.64699242872219,108.18870010966579,12.013081837014116,551.6425367999997,126.87778346399996,0.6893472430204951,16.153
down_20261007_peligro_p_D01-3acf9899447e,2026-10-08T12:00:00Z,high,45,120,distance-greedy,inconclusive,-47.117898808993345,-141.13464180099575,34.907846348715935,0.8796377875139657,4.571,66.76726343876601,107.90247690153235,12.12006866257289,535.5933502,123.18647054600004,0.6901671203985661,16.187
down_20261007_peligro_p_D01-3acf9899447e,2026-10-08T12:00:00Z,high,90,10,0,reference,0,0,0,0.7325792071406085,9.989,70.91750439682637,109.52584664627013,18.314631057056626,448.18459090000005,103.08245590699991,0.802421429052545,22.295
down_20261007_peligro_p_D01-3acf9899447e,2026-10-08T12:00:00Z,high,90,10,0.2,negative,-26.67741590044719,-41.16775665476554,-9.092868137879101,0.7328739156782939,9.981,70.67652959035973,109.34748776630606,18.28608484905824,443.35533050000026,101.97172601500003,0.8017429273161134,22.271
down_20261007_peligro_p_D01-3acf9899447e,2026-10-08T12:00:00Z,high,90,10,0.35,inconclusive,-5.848152622053984,-30.806016520067367,20.35050469266365,0.7324071852094575,9.996,71.04538228639164,109.48453044225707,18.32293481602511,444.04054140000017,102.12932452200006,0.8026414523715925,22.307
down_20261007_peligro_p_D01-3acf9899447e,2026-10-08T12:00:00Z,high,90,10,0.5,positive,43.6321685933829,12.090265406725832,73.63766171346055,0.7307580637128477,10.053,71.65918165947761,109.64009122535182,18.42510526757787,447.94778810000025,103.02799126300005,0.8037168715694667,22.417
down_20261007_peligro_p_D01-3acf9899447e,2026-10-08T12:00:00Z,high,90,10,1,positive,128.12428796092826,93.04968799890511,160.12139467575142,0.7303438608117939,10.065,72.4789500376142,110.10879894686167,18.768256040971604,455.8903748000002,104.85478620400005,0.8053772233078199,22.51
down_20261007_peligro_p_D01-3acf9899447e,2026-10-08T12:00:00Z,high,90,10,eta-greedy,inconclusive,0.4815529268124019,-1.9488040667756896,3.226452880270909,0.7326891398005414,9.985,70.91369040942214,109.509896305573,18.321246549388547,448.2162523000001,103.08973802899993,0.8024939367926287,22.293
down_20261007_peligro_p_D01-3acf9899447e,2026-10-08T12:00:00Z,high,90,10,distance-greedy,inconclusive,7.516365847741702,-15.909644378924579,30.46606072081122,0.7325508188345776,9.993,70.99852653089275,109.39222226201998,18.422155466270787,439.0775956999999,100.987847011,0.8022408825265684,22.352
down_20261007_peligro_p_D01-3acf9899447e,2026-10-08T12:00:00Z,high,90,60,0,reference,0,0,0,0.7325792071406085,9.989,70.91750439682637,109.52584664627013,18.314631057056626,448.18459090000005,103.08245590699991,0.802421429052545,22.295
down_20261007_peligro_p_D01-3acf9899447e,2026-10-08T12:00:00Z,high,90,60,0.2,inconclusive,-23.878611707414027,-56.78659848133106,5.202704597770116,0.7328739156782939,9.981,70.67652959035973,109.34748776630606,18.28608484905824,443.35533050000026,101.97172601500003,0.8017429273161134,22.271
down_20261007_peligro_p_D01-3acf9899447e,2026-10-08T12:00:00Z,high,90,60,0.35,inconclusive,-7.482818680301772,-54.18576614602446,38.19062868398657,0.7324071852094575,9.996,71.04538228639164,109.48453044225707,18.32293481602511,444.04054140000017,102.12932452200006,0.8026414523715925,22.307
down_20261007_peligro_p_D01-3acf9899447e,2026-10-08T12:00:00Z,high,90,60,0.5,positive,80.10458741437654,26.4831925240605,134.98894284246273,0.7307580637128477,10.053,71.65918165947761,109.64009122535182,18.42510526757787,447.94778810000025,103.02799126300005,0.8037168715694667,22.417
down_20261007_peligro_p_D01-3acf9899447e,2026-10-08T12:00:00Z,high,90,60,1,positive,187.28171988206148,127.75692846238266,251.2794112688637,0.7303438608117939,10.065,72.4789500376142,110.10879894686167,18.768256040971604,455.8903748000002,104.85478620400005,0.8053772233078199,22.51
down_20261007_peligro_p_D01-3acf9899447e,2026-10-08T12:00:00Z,high,90,60,eta-greedy,negative,-2.6748837466208095,-5.786681155014653,-0.18636428465664345,0.7326891398005414,9.985,70.91369040942214,109.509896305573,18.321246549388547,448.2162523000001,103.08973802899993,0.8024939367926287,22.293
down_20261007_peligro_p_D01-3acf9899447e,2026-10-08T12:00:00Z,high,90,60,distance-greedy,inconclusive,19.669533077896208,-21.45461952924923,55.85467942286393,0.7325508188345776,9.993,70.99852653089275,109.39222226201998,18.422155466270787,439.0775956999999,100.987847011,0.8022408825265684,22.352
down_20261007_peligro_p_D01-3acf9899447e,2026-10-08T12:00:00Z,high,90,120,0,reference,0,0,0,0.7325792071406085,9.989,70.91750439682637,109.52584664627013,18.314631057056626,448.18459090000005,103.08245590699991,0.802421429052545,22.295
down_20261007_peligro_p_D01-3acf9899447e,2026-10-08T12:00:00Z,high,90,120,0.2,inconclusive,-20.52004667577408,-72.68812071189744,38.98817488964944,0.7328739156782939,9.981,70.67652959035973,109.34748776630606,18.28608484905824,443.35533050000026,101.97172601500003,0.8017429273161134,22.271
down_20261007_peligro_p_D01-3acf9899447e,2026-10-08T12:00:00Z,high,90,120,0.35,inconclusive,-9.444417950198925,-99.71059330375365,88.79377708863343,0.7324071852094575,9.996,71.04538228639164,109.48453044225707,18.32293481602511,444.04054140000017,102.12932452200006,0.8026414523715925,22.307
down_20261007_peligro_p_D01-3acf9899447e,2026-10-08T12:00:00Z,high,90,120,0.5,positive,123.87148999956963,6.553836241140584,236.95906957985608,0.7307580637128477,10.053,71.65918165947761,109.64009122535182,18.42510526757787,447.94778810000025,103.02799126300005,0.8037168715694667,22.417
down_20261007_peligro_p_D01-3acf9899447e,2026-10-08T12:00:00Z,high,90,120,1,positive,258.2706381874213,139.07374673987403,369.1526297333257,0.7303438608117939,10.065,72.4789500376142,110.10879894686167,18.768256040971604,455.8903748000002,104.85478620400005,0.8053772233078199,22.51
down_20261007_peligro_p_D01-3acf9899447e,2026-10-08T12:00:00Z,high,90,120,eta-greedy,negative,-6.462607754740646,-13.481166128884885,-0.6419277563949086,0.7326891398005414,9.985,70.91369040942214,109.509896305573,18.321246549388547,448.2162523000001,103.08973802899993,0.8024939367926287,22.293
down_20261007_peligro_p_D01-3acf9899447e,2026-10-08T12:00:00Z,high,90,120,distance-greedy,inconclusive,34.25333375408225,-46.11757401407441,117.98913781110315,0.7325508188345776,9.993,70.99852653089275,109.39222226201998,18.422155466270787,439.0775956999999,100.987847011,0.8022408825265684,22.352
down_20261007_peligro_p_D01-3acf9899447e,2026-10-08T12:00:00Z,high,180,10,0,reference,0,0,0,0.5168640659208622,17.756,74.06116164686578,111.6943911725363,23.116557780109627,307.3442925999998,70.68918729799995,0.8823676540406004,27.551
down_20261007_peligro_p_D01-3acf9899447e,2026-10-08T12:00:00Z,high,180,10,0.2,negative,-11.692090689415807,-24.803963599504925,-0.9260377485256649,0.5170676636902868,17.749,73.9171493050137,111.59394560218811,23.152278046529787,303.8939053999997,69.8955982419999,0.8824391524183827,27.562
down_20261007_peligro_p_D01-3acf9899447e,2026-10-08T12:00:00Z,high,180,10,0.35,inconclusive,-10.215116552854083,-28.308079887633244,9.49927722272743,0.5166077801053116,17.763,74.11066227922124,111.45807227838112,23.11334287208691,303.67093679999977,69.84431546399996,0.882038393639404,27.548
down_20261007_peligro_p_D01-3acf9899447e,2026-10-08T12:00:00Z,high,180,10,0.5,inconclusive,14.072156950486807,-9.043313307915573,39.037605030025276,0.5163481260159932,17.769,74.42864766308817,111.46172629466317,23.20411115530238,307.1307041999998,70.64006196599993,0.8823141784170596,27.573
down_20261007_peligro_p_D01-3acf9899447e,2026-10-08T12:00:00Z,high,180,10,1,positive,33.55826672008417,6.460183073260822,61.2810077030434,0.5152520478163416,17.809,74.69126439874962,111.55905651864117,23.1140468311131,310.5135643999996,71.41811981199994,0.8822169306519957,27.596
down_20261007_peligro_p_D01-3acf9899447e,2026-10-08T12:00:00Z,high,180,10,eta-greedy,inconclusive,0.06549574465224578,-1.4234712921398542,1.2087298247878417,0.5168341201214042,17.757,74.06155335507223,111.71424876624205,23.118873624432496,307.3432413999999,70.68894552199995,0.8823305517996921,27.548
down_20261007_peligro_p_D01-3acf9899447e,2026-10-08T12:00:00Z,high,180,10,distance-greedy,inconclusive,-10.81182677821613,-24.907345840573537,6.101357824514278,0.5166361332421174,17.763,73.9139533205471,111.44182530757071,23.05167136537573,302.34434929999964,69.53920033900003,0.8819916386441226,27.543
down_20261007_peligro_p_D01-3acf9899447e,2026-10-08T12:00:00Z,high,180,60,0,reference,0,0,0,0.5168640659208622,17.756,74.06116164686578,111.6943911725363,23.116557780109627,307.3442925999998,70.68918729799995,0.8823676540406004,27.551
down_20261007_peligro_p_D01-3acf9899447e,2026-10-08T12:00:00Z,high,180,60,0.2,inconclusive,-8.124379318333705,-28.285374104115448,13.935632608525674,0.5170676636902868,17.749,73.9171493050137,111.59394560218811,23.152278046529787,303.8939053999997,69.8955982419999,0.8824391524183827,27.562
down_20261007_peligro_p_D01-3acf9899447e,2026-10-08T12:00:00Z,high,180,60,0.35,inconclusive,5.0269522894772365,-32.66317582005592,43.69646120103621,0.5166077801053116,17.763,74.11066227922124,111.45807227838112,23.11334287208691,303.67093679999977,69.84431546399996,0.882038393639404,27.548
down_20261007_peligro_p_D01-3acf9899447e,2026-10-08T12:00:00Z,high,180,60,0.5,inconclusive,33.36566325639696,-13.315139077873638,81.11517761078649,0.5163481260159932,17.769,74.42864766308817,111.46172629466317,23.20411115530238,307.1307041999998,70.64006196599993,0.8823141784170596,27.573
down_20261007_peligro_p_D01-3acf9899447e,2026-10-08T12:00:00Z,high,180,60,1,positive,73.04547872769669,20.793352245245924,126.45796386333092,0.5152520478163416,17.809,74.69126439874962,111.55905651864117,23.1140468311131,310.5135643999996,71.41811981199994,0.8822169306519957,27.596
down_20261007_peligro_p_D01-3acf9899447e,2026-10-08T12:00:00Z,high,180,60,eta-greedy,inconclusive,1.3729636730941257,-1.3461211959236707,4.6954172741909685,0.5168341201214042,17.757,74.06155335507223,111.71424876624205,23.118873624432496,307.3432413999999,70.68894552199995,0.8823305517996921,27.548
down_20261007_peligro_p_D01-3acf9899447e,2026-10-08T12:00:00Z,high,180,60,distance-greedy,inconclusive,-7.963917994841358,-42.594558817019326,21.521427114794005,0.5166361332421174,17.763,73.9139533205471,111.44182530757071,23.05167136537573,302.34434929999964,69.53920033900003,0.8819916386441226,27.543
down_20261007_peligro_p_D01-3acf9899447e,2026-10-08T12:00:00Z,high,180,120,0,reference,0,0,0,0.5168640659208622,17.756,74.06116164686578,111.6943911725363,23.116557780109627,307.3442925999998,70.68918729799995,0.8823676540406004,27.551
down_20261007_peligro_p_D01-3acf9899447e,2026-10-08T12:00:00Z,high,180,120,0.2,inconclusive,-3.8431256730351233,-48.34912248373386,45.59911730255412,0.5170676636902868,17.749,73.9171493050137,111.59394560218811,23.152278046529787,303.8939053999997,69.8955982419999,0.8824391524183827,27.562
down_20261007_peligro_p_D01-3acf9899447e,2026-10-08T12:00:00Z,high,180,120,0.35,inconclusive,23.317434900275792,-47.45550546217325,98.94758269764188,0.5166077801053116,17.763,74.11066227922124,111.45807227838112,23.11334287208691,303.67093679999977,69.84431546399996,0.882038393639404,27.548
down_20261007_peligro_p_D01-3acf9899447e,2026-10-08T12:00:00Z,high,180,120,0.5,inconclusive,56.51787082349069,-48.834343247658765,159.89432528127404,0.5163481260159932,17.769,74.42864766308817,111.46172629466317,23.20411115530238,307.1307041999998,70.64006196599993,0.8823141784170596,27.573
down_20261007_peligro_p_D01-3acf9899447e,2026-10-08T12:00:00Z,high,180,120,1,positive,120.43013313683227,19.535965064983095,222.3276754712925,0.5152520478163416,17.809,74.69126439874962,111.55905651864117,23.1140468311131,310.5135643999996,71.41811981199994,0.8822169306519957,27.596
down_20261007_peligro_p_D01-3acf9899447e,2026-10-08T12:00:00Z,high,180,120,eta-greedy,inconclusive,2.941925187224395,-2.6475992817152614,11.062682945765838,0.5168341201214042,17.757,74.06155335507223,111.71424876624205,23.118873624432496,307.3432413999999,70.68894552199995,0.8823305517996921,27.548
down_20261007_peligro_p_D01-3acf9899447e,2026-10-08T12:00:00Z,high,180,120,distance-greedy,inconclusive,-4.546427454791799,-69.01609258220246,65.61111698476886,0.5166361332421174,17.763,73.9139533205471,111.44182530757071,23.05167136537573,302.34434929999964,69.53920033900003,0.8819916386441226,27.543
down_20261007_peligro_p_D04-7ab3652678c2,2026-10-11T12:00:00Z,low,45,10,0,reference,0,0,0,0.9916308235610951,0.124,50.624910717694505,82.52700986597746,0.7487352176287194,185.11670989999996,42.57684327699998,0.25049993415038957,0.526
down_20261007_peligro_p_D04-7ab3652678c2,2026-10-11T12:00:00Z,low,45,10,0.2,negative,-13.77981783172236,-24.39164502311919,-3.0362582192956804,0.9922060954512276,0.115,50.27776376268327,82.3236789449663,0.7970666147875229,177.8517691,40.905906893000015,0.2498308767480371,0.533
down_20261007_peligro_p_D04-7ab3652678c2,2026-10-11T12:00:00Z,low,45,10,0.35,inconclusive,2.3698595141512824,-10.439780589146366,16.43509601923529,0.9930940274323873,0.103,51.06902550049219,83.63866091338683,0.8265518082351699,176.88249300000018,40.68297339,0.25194535538664525,0.544
down_20261007_peligro_p_D04-7ab3652678c2,2026-10-11T12:00:00Z,low,45,10,0.5,positive,59.51945199814375,40.93918302567462,77.65322761461456,0.9930707778276747,0.102,52.657143414103906,86.2350035224669,0.8545318897576087,182.28111709999982,41.92465693299998,0.25572949523729244,0.556
down_20261007_peligro_p_D04-7ab3652678c2,2026-10-11T12:00:00Z,low,45,10,1,positive,227.36946087221486,208.28765053984455,246.76136113080187,0.9926453138910266,0.105,56.7423313795471,90.49716659207043,0.911317030499974,201.32801269999982,46.30544292099999,0.26537855542997596,0.6
down_20261007_peligro_p_D04-7ab3652678c2,2026-10-11T12:00:00Z,low,45,10,eta-greedy,inconclusive,0.6161658108258434,-2.242294388100394,3.5551790528693386,0.9917752069554786,0.122,50.64034121717212,82.55119004559702,0.7747332348973514,185.31857559999995,42.62327238799997,0.25047682938918586,0.527
down_20261007_peligro_p_D04-7ab3652678c2,2026-10-11T12:00:00Z,low,45,10,distance-greedy,positive,36.087126987926894,20.397539019080956,52.20606137667159,0.9929888806899492,0.103,51.50972988842973,84.0783656428428,0.8205904389244035,165.70242839999995,38.11155853199996,0.2527620272989744,0.536
down_20261007_peligro_p_D04-7ab3652678c2,2026-10-11T12:00:00Z,low,45,60,0,reference,0,0,0,0.9916308235610951,0.124,50.624910717694505,82.52700986597746,0.7487352176287194,185.11670989999996,42.57684327699998,0.25049993415038957,0.526
down_20261007_peligro_p_D04-7ab3652678c2,2026-10-11T12:00:00Z,low,45,60,0.2,negative,-18.98955131686244,-30.706217853777147,-8.911806117531965,0.9922060954512276,0.115,50.27776376268327,82.3236789449663,0.7970666147875229,177.8517691,40.905906893000015,0.2498308767480371,0.533
down_20261007_peligro_p_D04-7ab3652678c2,2026-10-11T12:00:00Z,low,45,60,0.35,inconclusive,-6.863776456767476,-21.56373923800663,11.442764839614936,0.9930940274323873,0.103,51.06902550049219,83.63866091338683,0.8265518082351699,176.88249300000018,40.68297339,0.25194535538664525,0.544
down_20261007_peligro_p_D04-7ab3652678c2,2026-10-11T12:00:00Z,low,45,60,0.5,positive,51.409258863224174,30.49436612277886,73.56187421716741,0.9930707778276747,0.102,52.657143414103906,86.2350035224669,0.8545318897576087,182.28111709999982,41.92465693299998,0.25572949523729244,0.556
down_20261007_peligro_p_D04-7ab3652678c2,2026-10-11T12:00:00Z,low,45,60,1,positive,220.16850934910778,199.01595095007886,242.53573351312662,0.9926453138910266,0.105,56.7423313795471,90.49716659207043,0.911317030499974,201.32801269999982,46.30544292099999,0.26537855542997596,0.6
down_20261007_peligro_p_D04-7ab3652678c2,2026-10-11T12:00:00Z,low,45,60,eta-greedy,inconclusive,-0.5455296420029676,-3.541991583785268,2.2846597059877802,0.9917752069554786,0.122,50.64034121717212,82.55119004559702,0.7747332348973514,185.31857559999995,42.62327238799997,0.25047682938918586,0.527
down_20261007_peligro_p_D04-7ab3652678c2,2026-10-11T12:00:00Z,low,45,60,distance-greedy,positive,26.682617977792866,7.900130094702983,45.33699632766449,0.9929888806899492,0.103,51.50972988842973,84.0783656428428,0.8205904389244035,165.70242839999995,38.11155853199996,0.2527620272989744,0.536
down_20261007_peligro_p_D04-7ab3652678c2,2026-10-11T12:00:00Z,low,45,120,0,reference,0,0,0,0.9916308235610951,0.124,50.624910717694505,82.52700986597746,0.7487352176287194,185.11670989999996,42.57684327699998,0.25049993415038957,0.526
down_20261007_peligro_p_D04-7ab3652678c2,2026-10-11T12:00:00Z,low,45,120,0.2,negative,-25.241231499030498,-38.17312918656578,-12.386129788169736,0.9922060954512276,0.115,50.27776376268327,82.3236789449663,0.7970666147875229,177.8517691,40.905906893000015,0.2498308767480371,0.533
down_20261007_peligro_p_D04-7ab3652678c2,2026-10-11T12:00:00Z,low,45,120,0.35,inconclusive,-17.94413962186995,-42.21030646688963,7.126863801910262,0.9930940274323873,0.103,51.06902550049219,83.63866091338683,0.8265518082351699,176.88249300000018,40.68297339,0.25194535538664525,0.544
down_20261007_peligro_p_D04-7ab3652678c2,2026-10-11T12:00:00Z,low,45,120,0.5,positive,41.677027101320725,8.227627096016015,71.52690298392216,0.9930707778276747,0.102,52.657143414103906,86.2350035224669,0.8545318897576087,182.28111709999982,41.92465693299998,0.25572949523729244,0.556
down_20261007_peligro_p_D04-7ab3652678c2,2026-10-11T12:00:00Z,low,45,120,1,positive,211.52736752137918,180.76550283914773,248.24647411525976,0.9926453138910266,0.105,56.7423313795471,90.49716659207043,0.911317030499974,201.32801269999982,46.30544292099999,0.26537855542997596,0.6
down_20261007_peligro_p_D04-7ab3652678c2,2026-10-11T12:00:00Z,low,45,120,eta-greedy,inconclusive,-1.9395641853975425,-6.671747078815668,2.274349950171057,0.9917752069554786,0.122,50.64034121717212,82.55119004559702,0.7747332348973514,185.31857559999995,42.62327238799997,0.25047682938918586,0.527
down_20261007_peligro_p_D04-7ab3652678c2,2026-10-11T12:00:00Z,low,45,120,distance-greedy,inconclusive,15.397207165632155,-9.146440923078172,41.842276779522166,0.9929888806899492,0.103,51.50972988842973,84.0783656428428,0.8205904389244035,165.70242839999995,38.11155853199996,0.2527620272989744,0.536
down_20261007_peligro_p_D04-7ab3652678c2,2026-10-11T12:00:00Z,low,90,10,0,reference,0,0,0,0.9714150092538817,0.409,54.16439530973177,86.54485070274991,1.9382684156139534,190.80126250000015,43.884290375,0.35944007526729677,1.17
down_20261007_peligro_p_D04-7ab3652678c2,2026-10-11T12:00:00Z,low,90,10,0.2,inconclusive,-8.943379167383481,-18.592015035643293,0.2591630264267654,0.9719317513138512,0.402,53.94226724467175,86.08770752802367,1.9593257523847123,185.15300590000035,42.58519135699995,0.35924063493152686,1.176
down_20261007_peligro_p_D04-7ab3652678c2,2026-10-11T12:00:00Z,low,90,10,0.35,inconclusive,-0.12340892289783233,-13.126066622268704,14.755514140495322,0.9731521973882448,0.385,54.57538614063829,87.4169391880623,2.0086386566968537,184.26335120000022,42.380570776,0.36090742986517904,1.209
down_20261007_peligro_p_D04-7ab3652678c2,2026-10-11T12:00:00Z,low,90,10,0.5,positive,47.54604425248314,31.16871758805347,63.06273845215987,0.9733968532440848,0.382,55.96041066383704,89.59654733053867,2.0941633677581737,188.36787660000002,43.32461161799991,0.36374921965986856,1.238
down_20261007_peligro_p_D04-7ab3652678c2,2026-10-11T12:00:00Z,low,90,10,1,positive,171.2740027581373,150.93776191787978,191.31655185422423,0.9720747753220068,0.401,58.97027015137975,92.5848205280282,2.1308844861724885,202.01163330000009,46.462675658999984,0.3697125204617949,1.27
down_20261007_peligro_p_D04-7ab3652678c2,2026-10-11T12:00:00Z,low,90,10,eta-greedy,inconclusive,0.7432995119275441,-1.9176055040113194,3.7722435524062043,0.9714705648094373,0.408,54.17134832951314,86.53813931997387,1.9434665859319842,191.04053170000014,43.939322290999996,0.3594501235218251,1.169
down_20261007_peligro_p_D04-7ab3652678c2,2026-10-11T12:00:00Z,low,90,10,distance-greedy,positive,25.359988149971137,9.833492406266375,39.44375643921919,0.9725441591961979,0.393,54.77550137451354,87.3384057824815,1.9973466786890515,175.75351860000018,40.423309278000005,0.3611258468612848,1.206
down_20261007_peligro_p_D04-7ab3652678c2,2026-10-11T12:00:00Z,low,90,60,0,reference,0,0,0,0.9714150092538817,0.409,54.16439530973177,86.54485070274991,1.9382684156139534,190.80126250000015,43.884290375,0.35944007526729677,1.17
down_20261007_peligro_p_D04-7ab3652678c2,2026-10-11T12:00:00Z,low,90,60,0.2,negative,-16.679467635730955,-27.73654891350452,-4.812120832824321,0.9719317513138512,0.402,53.94226724467175,86.08770752802367,1.9593257523847123,185.15300590000035,42.58519135699995,0.35924063493152686,1.176
down_20261007_peligro_p_D04-7ab3652678c2,2026-10-11T12:00:00Z,low,90,60,0.35,negative,-18.66446313646765,-36.071289602431726,-1.6761365524295144,0.9731521973882448,0.385,54.57538614063829,87.4169391880623,2.0086386566968537,184.26335120000022,42.380570776,0.36090742986517904,1.209
down_20261007_peligro_p_D04-7ab3652678c2,2026-10-11T12:00:00Z,low,90,60,0.5,positive,26.07679997624936,2.3881595211385447,47.77890681405566,0.9733968532440848,0.382,55.96041066383704,89.59654733053867,2.0941633677581737,188.36787660000002,43.32461161799991,0.36374921965986856,1.238
down_20261007_peligro_p_D04-7ab3652678c2,2026-10-11T12:00:00Z,low,90,60,1,positive,162.8096332012283,136.8608912234566,185.77283229445135,0.9720747753220068,0.401,58.97027015137975,92.5848205280282,2.1308844861724885,202.01163330000009,46.462675658999984,0.3697125204617949,1.27
down_20261007_peligro_p_D04-7ab3652678c2,2026-10-11T12:00:00Z,low,90,60,eta-greedy,inconclusive,0.4603644251095495,-1.6239900133535845,3.0435110661344997,0.9714705648094373,0.408,54.17134832951314,86.53813931997387,1.9434665859319842,191.04053170000014,43.939322290999996,0.3594501235218251,1.169
down_20261007_peligro_p_D04-7ab3652678c2,2026-10-11T12:00:00Z,low,90,60,distance-greedy,inconclusive,14.114602313391108,-2.0871521921961755,31.713285005021095,0.9725441591961979,0.393,54.77550137451354,87.3384057824815,1.9973466786890515,175.75351860000018,40.423309278000005,0.3611258468612848,1.206
down_20261007_peligro_p_D04-7ab3652678c2,2026-10-11T12:00:00Z,low,90,120,0,reference,0,0,0,0.9714150092538817,0.409,54.16439530973177,86.54485070274991,1.9382684156139534,190.80126250000015,43.884290375,0.35944007526729677,1.17
down_20261007_peligro_p_D04-7ab3652678c2,2026-10-11T12:00:00Z,low,90,120,0.2,negative,-25.962773797747996,-45.7162982036229,-5.222763947620017,0.9719317513138512,0.402,53.94226724467175,86.08770752802367,1.9593257523847123,185.15300590000035,42.58519135699995,0.35924063493152686,1.176
down_20261007_peligro_p_D04-7ab3652678c2,2026-10-11T12:00:00Z,low,90,120,0.35,negative,-40.9137281927515,-68.47601168656742,-14.279259937215404,0.9731521973882448,0.385,54.57538614063829,87.4169391880623,2.0086386566968537,184.26335120000022,42.380570776,0.36090742986517904,1.209
down_20261007_peligro_p_D04-7ab3652678c2,2026-10-11T12:00:00Z,low,90,120,0.5,inconclusive,0.3137068447680481,-32.92805351283352,32.81019559343687,0.9733968532440848,0.382,55.96041066383704,89.59654733053867,2.0941633677581737,188.36787660000002,43.32461161799991,0.36374921965986856,1.238
down_20261007_peligro_p_D04-7ab3652678c2,2026-10-11T12:00:00Z,low,90,120,1,positive,152.65238973293768,107.08028365221543,193.27587182160127,0.9720747753220068,0.401,58.97027015137975,92.5848205280282,2.1308844861724885,202.01163330000009,46.462675658999984,0.3697125204617949,1.27
down_20261007_peligro_p_D04-7ab3652678c2,2026-10-11T12:00:00Z,low,90,120,eta-greedy,inconclusive,0.12084232092796128,-2.8281321513073436,3.2983281265817146,0.9714705648094373,0.408,54.17134832951314,86.53813931997387,1.9434665859319842,191.04053170000014,43.939322290999996,0.3594501235218251,1.169
down_20261007_peligro_p_D04-7ab3652678c2,2026-10-11T12:00:00Z,low,90,120,distance-greedy,inconclusive,0.6201393094953196,-27.905925858965002,29.951870548582384,0.9725441591961979,0.393,54.77550137451354,87.3384057824815,1.9973466786890515,175.75351860000018,40.423309278000005,0.3611258468612848,1.206
down_20261007_peligro_p_D04-7ab3652678c2,2026-10-11T12:00:00Z,low,180,10,0,reference,0,0,0,0.8903452068648583,1.521,58.172747810736496,89.81936124494625,4.145730926331764,180.01426560000007,41.40328108800004,0.5150172100082128,2.789
down_20261007_peligro_p_D04-7ab3652678c2,2026-10-11T12:00:00Z,low,180,10,0.2,inconclusive,-4.034104106027917,-11.43587059670147,4.191341066554579,0.8915971622624019,1.504,58.01530259962137,89.3562516509572,4.157846941281388,176.0311342999998,40.487160888999995,0.5156848196899633,2.799
down_20261007_peligro_p_D04-7ab3652678c2,2026-10-11T12:00:00Z,low,180,10,0.35,inconclusive,-2.494174344321136,-15.068090548750403,9.156014707914274,0.8914367239577924,1.506,58.42897963761168,90.08585651577997,4.05801568244511,175.3336732999998,40.32674485900003,0.5164051605645475,2.789
down_20261007_peligro_p_D04-7ab3652678c2,2026-10-11T12:00:00Z,low,180,10,0.5,positive,35.68857537693621,21.749202310681024,50.095498966425815,0.8903105873922599,1.521,59.59517188075867,91.22595237990988,4.085334954913136,179.0932560000002,41.191448879999975,0.5182620767443917,2.817
down_20261007_peligro_p_D04-7ab3652678c2,2026-10-11T12:00:00Z,low,180,10,1,positive,112.05424335224073,96.22589925158883,127.24773614773395,0.889197834785389,1.535,61.646628308113236,92.87056579205594,4.125339619492278,188.00213750000032,43.240491625000004,0.5212214028690872,2.838
down_20261007_peligro_p_D04-7ab3652678c2,2026-10-11T12:00:00Z,low,180,10,eta-greedy,inconclusive,0.6970686742170935,-0.5011643375815313,1.9908900364716446,0.8903452068648583,1.521,58.18701135371668,89.83947517782947,4.145634259665098,180.17846430000012,41.44104678900003,0.5150052772318752,2.79
down_20261007_peligro_p_D04-7ab3652678c2,2026-10-11T12:00:00Z,low,180,10,distance-greedy,inconclusive,8.369900611904889,-3.4388865981546264,20.363833860357445,0.8905413110659551,1.519,58.33426315971805,89.50208599786852,4.071512226377417,170.7652051999999,39.27599719600003,0.5157654150907628,2.826
down_20261007_peligro_p_D04-7ab3652678c2,2026-10-11T12:00:00Z,low,180,60,0,reference,0,0,0,0.8903452068648583,1.521,58.172747810736496,89.81936124494625,4.145730926331764,180.01426560000007,41.40328108800004,0.5150172100082128,2.789
down_20261007_peligro_p_D04-7ab3652678c2,2026-10-11T12:00:00Z,low,180,60,0.2,negative,-17.787849394638283,-27.509783296700572,-6.137603952516278,0.8915971622624019,1.504,58.01530259962137,89.3562516509572,4.157846941281388,176.0311342999998,40.487160888999995,0.5156848196899633,2.799
down_20261007_peligro_p_D04-7ab3652678c2,2026-10-11T12:00:00Z,low,180,60,0.35,negative,-18.517644748374146,-34.96266713111144,-0.47641479541077236,0.8914367239577924,1.506,58.42897963761168,90.08585651577997,4.05801568244511,175.3336732999998,40.32674485900003,0.5164051605645475,2.789
down_20261007_peligro_p_D04-7ab3652678c2,2026-10-11T12:00:00Z,low,180,60,0.5,positive,33.82195831892881,11.714118887520717,55.04941208681003,0.8903105873922599,1.521,59.59517188075867,91.22595237990988,4.085334954913136,179.0932560000002,41.191448879999975,0.5182620767443917,2.817
down_20261007_peligro_p_D04-7ab3652678c2,2026-10-11T12:00:00Z,low,180,60,1,positive,117.90347646232306,92.99895771752632,140.173356697066,0.889197834785389,1.535,61.646628308113236,92.87056579205594,4.125339619492278,188.00213750000032,43.240491625000004,0.5212214028690872,2.838
down_20261007_peligro_p_D04-7ab3652678c2,2026-10-11T12:00:00Z,low,180,60,eta-greedy,inconclusive,0.8253506997426209,-0.38229244720623895,2.036890300494201,0.8903452068648583,1.521,58.18701135371668,89.83947517782947,4.145634259665098,180.17846430000012,41.44104678900003,0.5150052772318752,2.79
down_20261007_peligro_p_D04-7ab3652678c2,2026-10-11T12:00:00Z,low,180,60,distance-greedy,inconclusive,4.708264748122956,-11.144190205789368,21.57760405733269,0.8905413110659551,1.519,58.33426315971805,89.50208599786852,4.071512226377417,170.7652051999999,39.27599719600003,0.5157654150907628,2.826
down_20261007_peligro_p_D04-7ab3652678c2,2026-10-11T12:00:00Z,low,180,120,0,reference,0,0,0,0.8903452068648583,1.521,58.172747810736496,89.81936124494625,4.145730926331764,180.01426560000007,41.40328108800004,0.5150172100082128,2.789
down_20261007_peligro_p_D04-7ab3652678c2,2026-10-11T12:00:00Z,low,180,120,0.2,negative,-34.292343740970836,-54.2057791783726,-15.236295564862646,0.8915971622624019,1.504,58.01530259962137,89.3562516509572,4.157846941281388,176.0311342999998,40.487160888999995,0.5156848196899633,2.799
down_20261007_peligro_p_D04-7ab3652678c2,2026-10-11T12:00:00Z,low,180,120,0.35,inconclusive,-37.745809233237495,-70.11380940276646,0.5742206357031611,0.8914367239577924,1.506,58.42897963761168,90.08585651577997,4.05801568244511,175.3336732999998,40.32674485900003,0.5164051605645475,2.789
down_20261007_peligro_p_D04-7ab3652678c2,2026-10-11T12:00:00Z,low,180,120,0.5,inconclusive,31.582017849319588,-5.542110211337562,72.84022253928863,0.8903105873922599,1.521,59.59517188075867,91.22595237990988,4.085334954913136,179.0932560000002,41.191448879999975,0.5182620767443917,2.817
down_20261007_peligro_p_D04-7ab3652678c2,2026-10-11T12:00:00Z,low,180,120,1,positive,124.92255619442096,80.02616507766398,171.58643018622692,0.889197834785389,1.535,61.646628308113236,92.87056579205594,4.125339619492278,188.00213750000032,43.240491625000004,0.5212214028690872,2.838
down_20261007_peligro_p_D04-7ab3652678c2,2026-10-11T12:00:00Z,low,180,120,eta-greedy,inconclusive,0.9792891303732565,-0.2483213045026,2.5123725380640436,0.8903452068648583,1.521,58.18701135371668,89.83947517782947,4.145634259665098,180.17846430000012,41.44104678900003,0.5150052772318752,2.79
down_20261007_peligro_p_D04-7ab3652678c2,2026-10-11T12:00:00Z,low,180,120,distance-greedy,inconclusive,0.3143017115847488,-28.104807410797687,28.76274029318242,0.8905413110659551,1.519,58.33426315971805,89.50208599786852,4.071512226377417,170.7652051999999,39.27599719600003,0.5157654150907628,2.826
down_20261007_peligro_p_D04-7ab3652678c2,2026-10-11T12:00:00Z,high,45,10,0,reference,0,0,0,0.879694181802273,4.566,66.3440540992261,107.72837096859155,12.047716392055618,550.532463,126.62246648999991,0.6870996043201069,16.202
down_20261007_peligro_p_D04-7ab3652678c2,2026-10-11T12:00:00Z,high,45,10,0.2,negative,-38.965506857137626,-57.154831090250106,-21.269388729726586,0.8808782354196932,4.526,66.02426105217259,107.794696428522,11.973227421533153,542.7653922000005,124.83604020599998,0.6862625375274509,16.132
down_20261007_peligro_p_D04-7ab3652678c2,2026-10-11T12:00:00Z,high,45,10,0.35,inconclusive,-19.257068610811423,-49.195435284865795,8.587369705034188,0.8811040567155295,4.522,66.35307001680047,107.72838831193563,12.086581262433269,540.6888427000007,124.35843382100023,0.6877392306155566,16.227
down_20261007_peligro_p_D04-7ab3652678c2,2026-10-11T12:00:00Z,high,45,10,0.5,inconclusive,24.41010997968348,-10.315817245556982,55.77698871949285,0.8809801041020773,4.531,66.89068261552087,108.11796049174616,12.245605508312792,544.0853469999998,125.13962981000014,0.6899130136843038,16.37
down_20261007_peligro_p_D04-7ab3652678c2,2026-10-11T12:00:00Z,high,45,10,1,positive,191.69276724263256,152.83401534202847,229.89279066959836,0.8797913571285089,4.571,68.30443169694621,108.63767600567797,12.518588400453076,560.2142276999995,128.849272371,0.696393208758347,16.682
down_20261007_peligro_p_D04-7ab3652678c2,2026-10-11T12:00:00Z,high,45,10,eta-greedy,inconclusive,2.370810796518686,-0.8669524045387657,6.69216964363331,0.8798165242486713,4.562,66.35702537579932,107.74995586968149,12.061107465476624,550.7508690999999,126.6726998929999,0.6871786210062598,16.205
down_20261007_peligro_p_D04-7ab3652678c2,2026-10-11T12:00:00Z,high,45,10,distance-greedy,inconclusive,4.276179115526213,-22.97500941380132,32.9469802407524,0.8808431700910476,4.522,66.38096898102644,107.76247749119885,12.106059259713328,532.6196791000001,122.50252619299997,0.6874317343849211,16.293
down_20261007_peligro_p_D04-7ab3652678c2,2026-10-11T12:00:00Z,high,45,60,0,reference,0,0,0,0.879694181802273,4.566,66.3440540992261,107.72837096859155,12.047716392055618,550.532463,126.62246648999991,0.6870996043201069,16.202
down_20261007_peligro_p_D04-7ab3652678c2,2026-10-11T12:00:00Z,high,45,60,0.2,negative,-63.22397953922434,-91.98635755858729,-32.7939893413555,0.8808782354196932,4.526,66.02426105217259,107.794696428522,11.973227421533153,542.7653922000005,124.83604020599998,0.6862625375274509,16.132
down_20261007_peligro_p_D04-7ab3652678c2,2026-10-11T12:00:00Z,high,45,60,0.35,negative,-48.65034013077511,-93.92145624551203,-6.3380309619328585,0.8811040567155295,4.522,66.35307001680047,107.72838831193563,12.086581262433269,540.6888427000007,124.35843382100023,0.6877392306155566,16.227
down_20261007_peligro_p_D04-7ab3652678c2,2026-10-11T12:00:00Z,high,45,60,0.5,inconclusive,0.22810441425941827,-56.284383028241656,56.33631927218113,0.8809801041020773,4.531,66.89068261552087,108.11796049174616,12.245605508312792,544.0853469999998,125.13962981000014,0.6899130136843038,16.37
down_20261007_peligro_p_D04-7ab3652678c2,2026-10-11T12:00:00Z,high,45,60,1,positive,184.88697454375426,121.59833988391121,250.71528788873252,0.8797913571285089,4.571,68.30443169694621,108.63767600567797,12.518588400453076,560.2142276999995,128.849272371,0.696393208758347,16.682
down_20261007_peligro_p_D04-7ab3652678c2,2026-10-11T12:00:00Z,high,45,60,eta-greedy,inconclusive,-0.7098687217718279,-6.506802673531241,5.776462027752837,0.8798165242486713,4.562,66.35702537579932,107.74995586968149,12.061107465476624,550.7508690999999,126.6726998929999,0.6871786210062598,16.205
down_20261007_peligro_p_D04-7ab3652678c2,2026-10-11T12:00:00Z,high,45,60,distance-greedy,inconclusive,-22.001150786190852,-66.89535412546321,31.8300508307967,0.8808431700910476,4.522,66.38096898102644,107.76247749119885,12.106059259713328,532.6196791000001,122.50252619299997,0.6874317343849211,16.293
down_20261007_peligro_p_D04-7ab3652678c2,2026-10-11T12:00:00Z,high,45,120,0,reference,0,0,0,0.879694181802273,4.566,66.3440540992261,107.72837096859155,12.047716392055618,550.532463,126.62246648999991,0.6870996043201069,16.202
down_20261007_peligro_p_D04-7ab3652678c2,2026-10-11T12:00:00Z,high,45,120,0.2,negative,-92.33414675772765,-147.63234635853047,-34.464371553804526,0.8808782354196932,4.526,66.02426105217259,107.794696428522,11.973227421533153,542.7653922000005,124.83604020599998,0.6862625375274509,16.132
down_20261007_peligro_p_D04-7ab3652678c2,2026-10-11T12:00:00Z,high,45,120,0.35,inconclusive,-83.92226595473052,-177.44988922296716,9.583676267108874,0.8811040567155295,4.522,66.35307001680047,107.72838831193563,12.086581262433269,540.6888427000007,124.35843382100023,0.6877392306155566,16.227
down_20261007_peligro_p_D04-7ab3652678c2,2026-10-11T12:00:00Z,high,45,120,0.5,inconclusive,-28.79030226424939,-130.41213074243265,83.39650554684253,0.8809801041020773,4.531,66.89068261552087,108.11796049174616,12.245605508312792,544.0853469999998,125.13962981000014,0.6899130136843038,16.37
down_20261007_peligro_p_D04-7ab3652678c2,2026-10-11T12:00:00Z,high,45,120,1,positive,176.72002330509875,60.99135767632895,309.3740735294565,0.8797913571285089,4.571,68.30443169694621,108.63767600567797,12.518588400453076,560.2142276999995,128.849272371,0.696393208758347,16.682
down_20261007_peligro_p_D04-7ab3652678c2,2026-10-11T12:00:00Z,high,45,120,eta-greedy,inconclusive,-4.406684143720437,-16.089535826363473,7.483545080495611,0.8798165242486713,4.562,66.35702537579932,107.74995586968149,12.061107465476624,550.7508690999999,126.6726998929999,0.6871786210062598,16.205
down_20261007_peligro_p_D04-7ab3652678c2,2026-10-11T12:00:00Z,high,45,120,distance-greedy,inconclusive,-53.533946668249946,-157.8141609069232,38.66902221335165,0.8808431700910476,4.522,66.38096898102644,107.76247749119885,12.106059259713328,532.6196791000001,122.50252619299997,0.6874317343849211,16.293
down_20261007_peligro_p_D04-7ab3652678c2,2026-10-11T12:00:00Z,high,90,10,0,reference,0,0,0,0.7337851836274075,9.946,71.25964263915526,109.42742987265348,18.791719693772375,448.34899029999997,103.12026776899998,0.8020324743039783,22.51
down_20261007_peligro_p_D04-7ab3652678c2,2026-10-11T12:00:00Z,high,90,10,0.2,inconclusive,-4.013300697979992,-19.04342193417467,12.297924227729807,0.7350321915425825,9.91,71.20232609676418,109.5059345998582,18.87410051893836,443.8199819000005,102.07859583699984,0.8024664547402869,22.507
down_20261007_peligro_p_D04-7ab3652678c2,2026-10-11T12:00:00Z,high,90,10,0.35,inconclusive,6.817599987369144,-18.088346456022197,34.00331742995255,0.735437822368115,9.895,71.47849328512498,109.63525522574774,19.04764791768645,442.03179149999966,101.66731204499985,0.8035094742589055,22.587
down_20261007_peligro_p_D04-7ab3652678c2,2026-10-11T12:00:00Z,high,90,10,0.5,positive,53.56596289062209,23.015017669990353,84.75833812501688,0.735211989671826,9.905,72.04354033268272,109.77527640644232,19.162114540616557,447.20209889999984,102.85648274699996,0.8051182935424591,22.62
down_20261007_peligro_p_D04-7ab3652678c2,2026-10-11T12:00:00Z,high,90,10,1,positive,118.8871655473761,84.53330608755024,149.52190559213585,0.7335554661556752,9.963,72.74928696569819,110.03905335268004,19.28772317854917,454.66640809999956,104.57327386299984,0.8063641017652532,22.67
down_20261007_peligro_p_D04-7ab3652678c2,2026-10-11T12:00:00Z,high,90,10,eta-greedy,inconclusive,-1.4243901123460492,-3.305420929794534,0.05945972507124506,0.7337417053665378,9.947,71.24563380526563,109.41038114376062,18.79453297534823,448.3079094,103.11081916199997,0.801971169234826,22.511
down_20261007_peligro_p_D04-7ab3652678c2,2026-10-11T12:00:00Z,high,90,10,distance-greedy,inconclusive,14.916837161839585,-8.609274502723759,38.190269400601665,0.7343688805979837,9.93,71.42769330214709,109.48259957676154,18.916269928299588,439.32017939999986,101.04364126199997,0.8027818107712035,22.522
down_20261007_peligro_p_D04-7ab3652678c2,2026-10-11T12:00:00Z,high,90,60,0,reference,0,0,0,0.7337851836274075,9.946,71.25964263915526,109.42742987265348,18.791719693772375,448.34899029999997,103.12026776899998,0.8020324743039783,22.51
down_20261007_peligro_p_D04-7ab3652678c2,2026-10-11T12:00:00Z,high,90,60,0.2,negative,-33.72574511214553,-63.04206711249293,-6.481476437700494,0.7350321915425825,9.91,71.20232609676418,109.5059345998582,18.87410051893836,443.8199819000005,102.07859583699984,0.8024664547402869,22.507
down_20261007_peligro_p_D04-7ab3652678c2,2026-10-11T12:00:00Z,high,90,60,0.35,inconclusive,-46.583716702582166,-93.85584480233503,1.1059993379457234,0.735437822368115,9.895,71.47849328512498,109.63525522574774,19.04764791768645,442.03179149999966,101.66731204499985,0.8035094742589055,22.587
down_20261007_peligro_p_D04-7ab3652678c2,2026-10-11T12:00:00Z,high,90,60,0.5,inconclusive,17.561331050663917,-34.561979442950694,65.52743556631486,0.735211989671826,9.905,72.04354033268272,109.77527640644232,19.162114540616557,447.20209889999984,102.85648274699996,0.8051182935424591,22.62
down_20261007_peligro_p_D04-7ab3652678c2,2026-10-11T12:00:00Z,high,90,60,1,positive,127.44695355329821,72.2861187297914,191.58060460250883,0.7335554661556752,9.963,72.74928696569819,110.03905335268004,19.28772317854917,454.66640809999956,104.57327386299984,0.8063641017652532,22.67
down_20261007_peligro_p_D04-7ab3652678c2,2026-10-11T12:00:00Z,high,90,60,eta-greedy,inconclusive,-0.6368692820452597,-2.8151001085159653,1.6212419239744034,0.7337417053665378,9.947,71.24563380526563,109.41038114376062,18.79453297534823,448.3079094,103.11081916199997,0.801971169234826,22.511
down_20261007_peligro_p_D04-7ab3652678c2,2026-10-11T12:00:00Z,high,90,60,distance-greedy,inconclusive,-4.176253487743044,-46.77775659085081,36.43789647662976,0.7343688805979837,9.93,71.42769330214709,109.48259957676154,18.916269928299588,439.32017939999986,101.04364126199997,0.8027818107712035,22.522
down_20261007_peligro_p_D04-7ab3652678c2,2026-10-11T12:00:00Z,high,90,120,0,reference,0,0,0,0.7337851836274075,9.946,71.25964263915526,109.42742987265348,18.791719693772375,448.34899029999997,103.12026776899998,0.8020324743039783,22.51
down_20261007_peligro_p_D04-7ab3652678c2,2026-10-11T12:00:00Z,high,90,120,0.2,negative,-69.38067840914462,-124.56923296981722,-18.758796521364626,0.7350321915425825,9.91,71.20232609676418,109.5059345998582,18.87410051893836,443.8199819000005,102.07859583699984,0.8024664547402869,22.507
down_20261007_peligro_p_D04-7ab3652678c2,2026-10-11T12:00:00Z,high,90,120,0.35,negative,-110.66529673052352,-195.24193722698257,-18.722763934714674,0.735437822368115,9.895,71.47849328512498,109.63525522574774,19.04764791768645,442.03179149999966,101.66731204499985,0.8035094742589055,22.587
down_20261007_peligro_p_D04-7ab3652678c2,2026-10-11T12:00:00Z,high,90,120,0.5,inconclusive,-25.64422715728648,-130.23959764208286,79.31216916617274,0.735211989671826,9.905,72.04354033268272,109.77527640644232,19.162114540616557,447.20209889999984,102.85648274699996,0.8051182935424591,22.62
down_20261007_peligro_p_D04-7ab3652678c2,2026-10-11T12:00:00Z,high,90,120,1,positive,137.71869916040532,4.370151933481981,263.9680769305787,0.7335554661556752,9.963,72.74928696569819,110.03905335268004,19.28772317854917,454.66640809999956,104.57327386299984,0.8063641017652532,22.67
down_20261007_peligro_p_D04-7ab3652678c2,2026-10-11T12:00:00Z,high,90,120,eta-greedy,inconclusive,0.30815571431569333,-2.9686655046793256,4.189335056597152,0.7337417053665378,9.947,71.24563380526563,109.41038114376062,18.79453297534823,448.3079094,103.11081916199997,0.801971169234826,22.511
down_20261007_peligro_p_D04-7ab3652678c2,2026-10-11T12:00:00Z,high,90,120,distance-greedy,inconclusive,-27.087962267242673,-113.89393063111174,64.80571057800894,0.7343688805979837,9.93,71.42769330214709,109.48259957676154,18.916269928299588,439.32017939999986,101.04364126199997,0.8027818107712035,22.522
down_20261007_peligro_p_D04-7ab3652678c2,2026-10-11T12:00:00Z,high,180,10,0,reference,0,0,0,0.5178486229160225,17.726,74.01625926290937,111.6965763104467,23.496577030056134,306.5389053,70.50394821900007,0.88090305457368,27.55
down_20261007_peligro_p_D04-7ab3652678c2,2026-10-11T12:00:00Z,high,180,10,0.2,negative,-19.98194758934205,-30.61274924289474,-8.622479374829114,0.5183687762414414,17.71,73.70517074168879,111.45399787096153,23.425834687351,302.8612989,69.65809874700012,0.8805962785035462,27.569
down_20261007_peligro_p_D04-7ab3652678c2,2026-10-11T12:00:00Z,high,180,10,0.35,inconclusive,-12.587639015255155,-29.65294900876895,4.447936798742897,0.5185906500151775,17.702,73.91608226215904,111.5224644022882,23.56784354602021,301.65065170000014,69.37964989100011,0.8809128605506875,27.609
down_20261007_peligro_p_D04-7ab3652678c2,2026-10-11T12:00:00Z,high,180,10,0.5,inconclusive,0.8123132710040054,-23.028538248999617,22.4916322933295,0.5172025737699564,17.747,74.23927281882467,111.47466586809033,23.396608456063465,305.1051876,70.17419314800007,0.8805930641951941,27.57
down_20261007_peligro_p_D04-7ab3652678c2,2026-10-11T12:00:00Z,high,180,10,1,positive,34.67314344291625,9.816912420589126,59.53639892890839,0.516281497512612,17.783,74.69719147378783,111.70814451822696,23.364035860857502,309.9133424,71.28006875199998,0.8808254297362804,27.574
down_20261007_peligro_p_D04-7ab3652678c2,2026-10-11T12:00:00Z,high,180,10,eta-greedy,inconclusive,0.7055162274642544,-0.062360082578244144,2.478221706485468,0.5178708451382447,17.725,74.02439924847918,111.69590279173157,23.508133561835212,306.584542,70.51444466000007,0.880922105839699,27.551
down_20261007_peligro_p_D04-7ab3652678c2,2026-10-11T12:00:00Z,high,180,10,distance-greedy,inconclusive,-10.106820712376448,-27.973604586537665,4.593355336034949,0.5181729573667586,17.716,73.8537553630416,111.44169806989058,23.579832132808274,300.45390939999993,69.10439916200004,0.8804088503523285,27.591
down_20261007_peligro_p_D04-7ab3652678c2,2026-10-11T12:00:00Z,high,180,60,0,reference,0,0,0,0.5178486229160225,17.726,74.01625926290937,111.6965763104467,23.496577030056134,306.5389053,70.50394821900007,0.88090305457368,27.55
down_20261007_peligro_p_D04-7ab3652678c2,2026-10-11T12:00:00Z,high,180,60,0.2,inconclusive,-20.953746599082425,-46.41972534283895,1.7274535474107922,0.5183687762414414,17.71,73.70517074168879,111.45399787096153,23.425834687351,302.8612989,69.65809874700012,0.8805962785035462,27.569
down_20261007_peligro_p_D04-7ab3652678c2,2026-10-11T12:00:00Z,high,180,60,0.35,inconclusive,-38.32578961372297,-72.81599640482668,1.0606019342693491,0.5185906500151775,17.702,73.91608226215904,111.5224644022882,23.56784354602021,301.65065170000014,69.37964989100011,0.8809128605506875,27.609
down_20261007_peligro_p_D04-7ab3652678c2,2026-10-11T12:00:00Z,high,180,60,0.5,inconclusive,17.5697127023425,-30.317808365557852,66.35090598536021,0.5172025737699564,17.747,74.23927281882467,111.47466586809033,23.396608456063465,305.1051876,70.17419314800007,0.8805930641951941,27.57
down_20261007_peligro_p_D04-7ab3652678c2,2026-10-11T12:00:00Z,high,180,60,1,positive,75.43461439597563,25.70628759626006,125.57597561032365,0.516281497512612,17.783,74.69719147378783,111.70814451822696,23.364035860857502,309.9133424,71.28006875199998,0.8808254297362804,27.574
down_20261007_peligro_p_D04-7ab3652678c2,2026-10-11T12:00:00Z,high,180,60,eta-greedy,inconclusive,0.25464929194047725,-0.06236008257824505,0.7632726732000891,0.5178708451382447,17.725,74.02439924847918,111.69590279173157,23.508133561835212,306.584542,70.51444466000007,0.880922105839699,27.551
down_20261007_peligro_p_D04-7ab3652678c2,2026-10-11T12:00:00Z,high,180,60,distance-greedy,inconclusive,-20.203439771017916,-54.656826996277914,13.385422227831283,0.5181729573667586,17.716,73.8537553630416,111.44169806989058,23.579832132808274,300.45390939999993,69.10439916200004,0.8804088503523285,27.591
down_20261007_peligro_p_D04-7ab3652678c2,2026-10-11T12:00:00Z,high,180,120,0,reference,0,0,0,0.5178486229160225,17.726,74.01625926290937,111.6965763104467,23.496577030056134,306.5389053,70.50394821900007,0.88090305457368,27.55
down_20261007_peligro_p_D04-7ab3652678c2,2026-10-11T12:00:00Z,high,180,120,0.2,inconclusive,-22.119905410770755,-69.25260922618283,21.300283268129434,0.5183687762414414,17.71,73.70517074168879,111.45399787096153,23.425834687351,302.8612989,69.65809874700012,0.8805962785035462,27.569
down_20261007_peligro_p_D04-7ab3652678c2,2026-10-11T12:00:00Z,high,180,120,0.35,inconclusive,-69.21157033188365,-154.23837629234953,5.95144665060885,0.5185906500151775,17.702,73.91608226215904,111.5224644022882,23.56784354602021,301.65065170000014,69.37964989100011,0.8809128605506875,27.609
down_20261007_peligro_p_D04-7ab3652678c2,2026-10-11T12:00:00Z,high,180,120,0.5,inconclusive,37.678592019948745,-54.51543089742496,138.32692623756654,0.5172025737699564,17.747,74.23927281882467,111.47466586809033,23.396608456063465,305.1051876,70.17419314800007,0.8805930641951941,27.57
down_20261007_peligro_p_D04-7ab3652678c2,2026-10-11T12:00:00Z,high,180,120,1,positive,124.34837953964863,21.111993061335255,233.0423320953046,0.516281497512612,17.783,74.69719147378783,111.70814451822696,23.364035860857502,309.9133424,71.28006875199998,0.8808254297362804,27.574
down_20261007_peligro_p_D04-7ab3652678c2,2026-10-11T12:00:00Z,high,180,120,eta-greedy,inconclusive,-0.2863910306880498,-1.2742828091152223,0.21623337488252853,0.5178708451382447,17.725,74.02439924847918,111.69590279173157,23.508133561835212,306.584542,70.51444466000007,0.880922105839699,27.551
down_20261007_peligro_p_D04-7ab3652678c2,2026-10-11T12:00:00Z,high,180,120,distance-greedy,inconclusive,-32.319382641387755,-100.24427120995729,37.764681186544315,0.5181729573667586,17.716,73.8537553630416,111.44169806989058,23.579832132808274,300.45390939999993,69.10439916200004,0.8804088503523285,27.591
